# slug	collection	field	check	detail	excerpt
# Prose layout review list (AUREO-1192), from pnpm prose-layout-audit --tsv.
# Only rows that need judgement: the fixable ones are applied by
#   pnpm prose-layout:apply --write
# There is no apply step for these. Each is a worklist item: read the
# entry, re-break or re-list it by hand, never shorten or reword it.
# Delete a row once it is fixed or judged fine as it stands.
diff-devices-aspect-3	software	details	inline-list	a list flattened into a paragraph	1. Diff devices - aspect 3.amxd 2. Save the .amxd file anywhere on your compute
dreamtonics-vocoflex	software	specs	specs-not-list	specs carries no "- " list (1 line(s))	System Requirements: Windows 11, macOS 11.0+. CPU: i5-7300U / Ryzen 3 3300U mini
fuse-audio-labs-gate-230	software	specs	specs-not-list	specs carries no "- " list (1 line(s))	Controls: Threshold (activation level), Range (maximum gain reduction), Level (o
fuse-audio-labs-ocelot-clipper	software	specs	specs-not-list	specs carries no "- " list (1 line(s))	Latency: <1.5 ms. Oversampling: 2×, 4×, 8×, 16×, 32×. UI scaling: 100–125%. macO
fuse-audio-labs-ocelot-limiter	software	specs	specs-not-list	specs carries no "- " list (1 line(s))	macOS 10.12+ (Universal 2 Binary, Intel/Apple Silicon), Windows 7+ (32-bit and 6
fuse-audio-labs-ocelot-octaver	software	specs	specs-not-list	specs carries no "- " list (1 line(s))	Controls: Oct-1 (Amount, Tune, Listen, Bypass, Solo), Oct+1 (Amount, Tune, Liste
fuse-audio-labs-ocelot-upmixer	software	specs	specs-not-list	specs carries no "- " list (1 line(s))	Controls: Tune, Diffusion Mode, High-pass filter, Low-pass filter, Width, Level
fuse-audio-labs-octafish	software	specs	specs-not-list	specs carries no "- " list (1 line(s))	Controls: Octave (sub-level), Level (output gain), Sub (sub-band peaking EQ), Lo
fuse-audio-labs-tcs-68	software	specs	specs-not-list	specs carries no "- " list (1 line(s))	Controls: Preamp section (drive, enable switch), Tape section (enable switch), 3
fuse-audio-labs-vce-118	software	specs	specs-not-list	specs carries no "- " list (1 line(s))	Controls: Ratio (compressor/expander, 1:1 to ∞:1 compression / 1:2 expansion), T
fuse-audio-labs-vcl-25a	software	specs	specs-not-list	specs carries no "- " list (1 line(s))	macOS 10.12+ (Universal 2 Binary, Intel/Apple Silicon), Windows 7+ (32-bit and 6
fuse-audio-labs-vcl-373	software	specs	specs-not-list	specs carries no "- " list (1 line(s))	macOS 10.12+ (Universal 2 Binary, Intel/Apple Silicon), Windows 7+ (32-bit and 6
fuse-audio-labs-vcl-515	software	specs	specs-not-list	specs carries no "- " list (1 line(s))	Controls: Input gain, Limiter/Amplifier mode switch, Attack, Release, Sidechain
fuse-audio-labs-vcl-864u	software	specs	specs-not-list	specs carries no "- " list (1 line(s))	Controls: Gain (compensated input), Release (switchable time constants), Sidecha
fuse-audio-labs-vcs-1	software	specs	specs-not-list	specs carries no "- " list (1 line(s))	Controls: Preamp (topology select, drive), Filters (HP/LP with wide range), EQ (
fuse-audio-labs-vpre-2c	software	specs	specs-not-list	specs carries no "- " list (1 line(s))	Controls: Gain (0–20, level-compensated), Boost switch, Tone (Low/Flat/Hi), Mix,
fuse-audio-labs-vpre-31a	software	specs	specs-not-list	specs carries no "- " list (1 line(s))	Controls: Gain/Drive (compensated), Impedance (150/600 ohm), Phase, Trim (±18 dB
fuse-audio-labs-vpre-376	software	specs	specs-not-list	specs carries no "- " list (1 line(s))	Controls: Drive, Gain compensation, Phase, Trim, High-pass filter, VU meter. mac
fuse-audio-labs-vpre-562a	software	specs	specs-not-list	specs carries no "- " list (1 line(s))	Controls: Drive (input gain), Tone (passive tonestack, two rolling shelves), Lev
fuse-audio-labs-vrev-140	software	specs	specs-not-list	specs carries no "- " list (1 line(s))	Controls: Decay time (up to 32 s), Preamp gain, Low cut, Low shelf, High shelf,
gospel-musicians-talkbox-jr	software	details	wall	a rendered paragraph runs 1788 characters (over 1500)	We are bringing back the classic sound of the legendary Talkbox sound with our n
gospel-musicians-tgx-85	software	details	wall	a rendered paragraph runs 2524 characters (over 1500)	One of the first keyboards, I ever owned. To this day, no other keyboard has as
gospel-musicians-tgx-99	software	details	wall	a rendered paragraph runs 1557 characters (over 1500)	The absolute closest thing you will get to the sound of the SY99. We samples all
gospel-musicians-the-bluebeast	software	details	wall	a rendered paragraph runs 1893 characters (over 1500)	The closest thing you are going to get to the real BlueBeast (EX5). We captured
joey-sturgis-tones-bassforge-hellraiser	software	details	soft-breaks	single-newline breaks mixing block breaks and mid-sentence wraps	Bassforge™️ Hellraiser is an audio plugin developed from Joey Sturgis' popular b
joey-sturgis-tones-billy-decker-bus-glue-vocals	software	details	soft-breaks	single-newline breaks mixing block breaks and mid-sentence wraps	Overview Bus Glue Billy Decker Vocals is an audio plugin made in collaboration w
joey-sturgis-tones-billy-decker-bus-glue-vocals	software	details	wall	a rendered paragraph runs 2847 characters (over 1500)	Overview Bus Glue Billy Decker Vocals is an audio plugin made in collaboration w
joey-sturgis-tones-bus-glue-billy-decker-acoustic	software	details	soft-breaks	single-newline breaks mixing block breaks and mid-sentence wraps	Overview Bus Glue Billy Decker Acoustic is an audio plugin made in collaboration
joey-sturgis-tones-bus-glue-billy-decker-acoustic	software	details	wall	a rendered paragraph runs 2858 characters (over 1500)	Overview Bus Glue Billy Decker Acoustic is an audio plugin made in collaboration
joey-sturgis-tones-bus-glue-billy-decker-bass	software	details	soft-breaks	single-newline breaks mixing block breaks and mid-sentence wraps	Overview Bus Glue Billy Decker Bass is an audio plugin made in collaboration wit
joey-sturgis-tones-bus-glue-billy-decker-bass	software	details	wall	a rendered paragraph runs 2920 characters (over 1500)	Overview Bus Glue Billy Decker Bass is an audio plugin made in collaboration wit
joey-sturgis-tones-bus-glue-billy-decker-drums	software	details	soft-breaks	single-newline breaks mixing block breaks and mid-sentence wraps	Overview Bus Glue Billy Decker Drums is an audio plugin made in collaboration wi
joey-sturgis-tones-bus-glue-billy-decker-drums	software	details	wall	a rendered paragraph runs 2894 characters (over 1500)	Overview Bus Glue Billy Decker Drums is an audio plugin made in collaboration wi
joey-sturgis-tones-bus-glue-billy-decker-electric-guitar	software	details	soft-breaks	single-newline breaks mixing block breaks and mid-sentence wraps	Overview Bus Glue Billy Decker Electric Guitar is an audio plugin made in collab
joey-sturgis-tones-bus-glue-billy-decker-electric-guitar	software	details	wall	a rendered paragraph runs 2906 characters (over 1500)	Overview Bus Glue Billy Decker Electric Guitar is an audio plugin made in collab
joey-sturgis-tones-bus-glue-billy-decker-keys	software	details	soft-breaks	single-newline breaks mixing block breaks and mid-sentence wraps	Overview Bus Glue Billy Decker Keys is an audio plugin made in collaboration wit
joey-sturgis-tones-bus-glue-billy-decker-keys	software	details	wall	a rendered paragraph runs 2707 characters (over 1500)	Overview Bus Glue Billy Decker Keys is an audio plugin made in collaboration wit
joey-sturgis-tones-bus-glue-billy-decker-master	software	details	soft-breaks	single-newline breaks mixing block breaks and mid-sentence wraps	Overview Bus Glue Billy Decker Master is an audio plugin made in collaboration w
joey-sturgis-tones-bus-glue-billy-decker-master	software	details	wall	a rendered paragraph runs 2815 characters (over 1500)	Overview Bus Glue Billy Decker Master is an audio plugin made in collaboration w
joey-sturgis-tones-finality	software	details	soft-breaks	single-newline breaks mixing block breaks and mid-sentence wraps	FEATURED IN: Finality is a limiter designed from the ground up to be both powerf
joey-sturgis-tones-finality	software	specs	specs-not-list	specs carries no "- " list (5 line(s))	Requirements A computer with an Intel, or M1/M2 compatible processor, Windows or
joey-sturgis-tones-gain-reduction-2	software	details	soft-breaks	single-newline breaks mixing block breaks and mid-sentence wraps	Gain Reduction 2 is unmatched control of your vocals in one audio plugin. Featur
joey-sturgis-tones-gain-reduction-deluxe	software	details	soft-breaks	single-newline breaks mixing block breaks and mid-sentence wraps	JST Gain Reduction Deluxe: Vocal Compression Redefined Overview Achieve in-your-
joey-sturgis-tones-gain-reduction-deluxe	software	details	wall	a rendered paragraph runs 3534 characters (over 1500)	JST Gain Reduction Deluxe: Vocal Compression Redefined Overview Achieve in-your-
joey-sturgis-tones-howard-benson-vocal-multiplier	software	details	soft-breaks	single-newline breaks mixing block breaks and mid-sentence wraps	Howard Benson Vocal Multiplier is an audio multiplier & post processing audio so
joey-sturgis-tones-howard-benson-vocal-multiplier	software	details	wall	a rendered paragraph runs 8041 characters (over 1500)	Howard Benson Vocal Multiplier is an audio multiplier & post processing audio so
joey-sturgis-tones-howard-benson-vocal-multiplier	software	details	inline-list	a list flattened into a paragraph	- Audio Examples Who Is Howard Benson? Howard Benson is a music producer and is
joey-sturgis-tones-howard-benson-vocals	software	details	soft-breaks	single-newline breaks mixing block breaks and mid-sentence wraps	Get Howard Benson's Award-Winning Vocal Chain! Joey Sturgis Tones announce an al
joey-sturgis-tones-howard-benson-vocals	software	details	wall	a rendered paragraph runs 6588 characters (over 1500)	Get Howard Benson's Award-Winning Vocal Chain! Joey Sturgis Tones announce an al
joey-sturgis-tones-howard-benson-vocals	software	details	inline-list	a list flattened into a paragraph	- Adam Lambert - All That Remains - Apocalyptica - Black Stone Cherry - Blessth
joey-sturgis-tones-joel-wanasek-bus-glue-bass	software	specs	specs-not-list	specs carries no "- " list (5 line(s))	Requirements A computer with Intel, AMD or Apple M-Series compatible processor,
joey-sturgis-tones-joel-wanasek-bus-glue-drums	software	specs	specs-not-list	specs carries no "- " list (5 line(s))	Requirements A computer with Intel, AMD or Apple M-Series compatible processor,
joey-sturgis-tones-joel-wanasek-bus-glue-guitars	software	specs	specs-not-list	specs carries no "- " list (5 line(s))	Requirements A computer with Intel, AMD or Apple M-Series compatible processor,
joey-sturgis-tones-joel-wanasek-bus-glue-keys	software	specs	specs-not-list	specs carries no "- " list (5 line(s))	Requirements A computer with Intel, AMD or Apple M-Series compatible processor,
joey-sturgis-tones-jst-blow-torch	software	details	soft-breaks	single-newline breaks mixing block breaks and mid-sentence wraps	JST Blow Torch: Ignite Your Mixes with Dynamic Energy and Punch Overview Introdu
joey-sturgis-tones-jst-blow-torch	software	details	wall	a rendered paragraph runs 3644 characters (over 1500)	JST Blow Torch: Ignite Your Mixes with Dynamic Energy and Punch Overview Introdu
joey-sturgis-tones-jst-bus-glue-bg-drums	software	details	soft-breaks	single-newline breaks mixing block breaks and mid-sentence wraps	The ultimate compressor for drum bus glue. JST Bus Glue BG-Drums is a flagship c
joey-sturgis-tones-jst-bus-glue-bg-drums	software	details	wall	a rendered paragraph runs 2339 characters (over 1500)	The ultimate compressor for drum bus glue. JST Bus Glue BG-Drums is a flagship c
joey-sturgis-tones-jst-bus-glue-bg-guitars	software	details	soft-breaks	single-newline breaks mixing block breaks and mid-sentence wraps	The ultimate compressor for guitar bus glue. JST Bus Glue BG-Guitars is a flagsh
joey-sturgis-tones-jst-bus-glue-bg-guitars	software	details	wall	a rendered paragraph runs 2570 characters (over 1500)	The ultimate compressor for guitar bus glue. JST Bus Glue BG-Guitars is a flagsh
joey-sturgis-tones-jst-bus-glue-bg-keys	software	details	soft-breaks	single-newline breaks mixing block breaks and mid-sentence wraps	The ultimate compressor for key/synth bus glue. JST Bus Glue BG-Keys is a flagsh
joey-sturgis-tones-jst-bus-glue-bg-keys	software	details	wall	a rendered paragraph runs 2456 characters (over 1500)	The ultimate compressor for key/synth bus glue. JST Bus Glue BG-Keys is a flagsh
joey-sturgis-tones-jst-bus-glue-bg-mix	software	details	soft-breaks	single-newline breaks mixing block breaks and mid-sentence wraps	The ultimate compressor for mix bus glue. JST Bus Glue BG-Mix is a flagship comp
joey-sturgis-tones-jst-bus-glue-bg-mix	software	details	wall	a rendered paragraph runs 2104 characters (over 1500)	The ultimate compressor for mix bus glue. JST Bus Glue BG-Mix is a flagship comp
joey-sturgis-tones-jst-bus-glue-bg-vocals	software	details	soft-breaks	single-newline breaks mixing block breaks and mid-sentence wraps	The ultimate compressor for vocal bus glue. JST Bus Glue BG-Vocals is a flagship
joey-sturgis-tones-jst-bus-glue-bg-vocals	software	details	wall	a rendered paragraph runs 2609 characters (over 1500)	The ultimate compressor for vocal bus glue. JST Bus Glue BG-Vocals is a flagship
joey-sturgis-tones-jst-bus-glue-drums-se	software	specs	specs-not-list	specs carries no "- " list (16 line(s))	Requirements A computer with M-series, Intel or AMD compatible processor, Window
joey-sturgis-tones-jst-demon-fuzz	software	details	soft-breaks	single-newline breaks mixing block breaks and mid-sentence wraps	JST Demon Fuzz is a beautifully dirty, texture-rich distortion plugin for tone d
joey-sturgis-tones-jst-demon-fuzz	software	details	wall	a rendered paragraph runs 1598 characters (over 1500)	JST Demon Fuzz is a beautifully dirty, texture-rich distortion plugin for tone d
joey-sturgis-tones-jst-extra-spice	software	details	soft-breaks	single-newline breaks mixing block breaks and mid-sentence wraps	JST Extra Spice: Add Richness and Depth to Your Mixes Overview Introducing JST E
joey-sturgis-tones-jst-extra-spice	software	details	wall	a rendered paragraph runs 3835 characters (over 1500)	JST Extra Spice: Add Richness and Depth to Your Mixes Overview Introducing JST E
joey-sturgis-tones-jst-heat	software	details	soft-breaks	single-newline breaks mixing block breaks and mid-sentence wraps	Meet JST Heat: A powerful and versatile mixing audio plugin from Joey Sturgis To
joey-sturgis-tones-jst-heat	software	details	wall	a rendered paragraph runs 12497 characters (over 1500)	Meet JST Heat: A powerful and versatile mixing audio plugin from Joey Sturgis To
joey-sturgis-tones-jst-inferno	software	details	soft-breaks	single-newline breaks mixing block breaks and mid-sentence wraps	JST Inferno: Ignite Your Mixes with Aggression Overview Introducing JST Inferno,
joey-sturgis-tones-jst-inferno	software	details	wall	a rendered paragraph runs 3394 characters (over 1500)	JST Inferno: Ignite Your Mixes with Aggression Overview Introducing JST Inferno,
joey-sturgis-tones-jst-lofi	software	details	soft-breaks	single-newline breaks mixing block breaks and mid-sentence wraps	JST LOFI: Vintage Vibes With A Single Click! Overview Introducing JST LOFI, the
joey-sturgis-tones-jst-lofi	software	details	wall	a rendered paragraph runs 5749 characters (over 1500)	JST LOFI: Vintage Vibes With A Single Click! Overview Introducing JST LOFI, the
joey-sturgis-tones-jst-lofi	software	details	inline-list	a list flattened into a paragraph	- Emulates the crackly and wind-like noise floor of a vinyl disc for that retro
joey-sturgis-tones-jst-make-it-hot	software	details	soft-breaks	single-newline breaks mixing block breaks and mid-sentence wraps	JST Make It Hot: Crush Your Low End with Power and Precision Overview Introducin
joey-sturgis-tones-jst-make-it-hot	software	details	wall	a rendered paragraph runs 3654 characters (over 1500)	JST Make It Hot: Crush Your Low End with Power and Precision Overview Introducin
joey-sturgis-tones-jst-maximizer	software	details	soft-breaks	single-newline breaks mixing block breaks and mid-sentence wraps	JST Maximizer is the only plugin you need on your mix bus. With a variety of max
joey-sturgis-tones-jst-maximizer	software	details	wall	a rendered paragraph runs 1865 characters (over 1500)	JST Maximizer is the only plugin you need on your mix bus. With a variety of max
joey-sturgis-tones-jst-maximizer	software	specs	specs-not-list	specs carries no "- " list (70 line(s))	Looking for even more visual tools? Additional stereo field visualizers are also
joey-sturgis-tones-jst-maximizer	software	specs	wall	a rendered paragraph runs 5651 characters (over 1500)	Looking for even more visual tools? Additional stereo field visualizers are also
joey-sturgis-tones-jst-sky-box	software	details	soft-breaks	single-newline breaks mixing block breaks and mid-sentence wraps	JST Sky Box is a versatile and charismatic reverb plugin for mixing and sound de
joey-sturgis-tones-jst-sky-box	software	details	wall	a rendered paragraph runs 6296 characters (over 1500)	JST Sky Box is a versatile and charismatic reverb plugin for mixing and sound de
joey-sturgis-tones-jst-vocal-warmth	software	details	soft-breaks	single-newline breaks mixing block breaks and mid-sentence wraps	JST Vocal Warmth: Enhance Your Vocals with Analog Warmth and Depth Overview Intr
joey-sturgis-tones-jst-vocal-warmth	software	details	wall	a rendered paragraph runs 3864 characters (over 1500)	JST Vocal Warmth: Enhance Your Vocals with Analog Warmth and Depth Overview Intr
joey-sturgis-tones-jst-x-repeater	software	details	soft-breaks	single-newline breaks mixing block breaks and mid-sentence wraps	JST X-Repeater - Effortless Stutters, Endless Possibilities Overview Introducing
joey-sturgis-tones-jst-x-repeater	software	details	wall	a rendered paragraph runs 4799 characters (over 1500)	JST X-Repeater - Effortless Stutters, Endless Possibilities Overview Introducing
joey-sturgis-tones-jst-x-repeater	software	details	inline-list	a list flattened into a paragraph	- Effortless Stutters, Endless Possibilities Overview Introducing X-Repeater, t
joey-sturgis-tones-sidewidener-ll	software	specs	specs-not-list	specs carries no "- " list (24 line(s))	Why Mono Compatibility Matters One of the biggest pain points most mixers will f
joey-sturgis-tones-sub-destroyer	software	details	soft-breaks	single-newline breaks mixing block breaks and mid-sentence wraps	Overview Sub Destroyer is the ultimate bass drop/subharmonic generator plugin de
joey-sturgis-tones-sub-destroyer	software	details	wall	a rendered paragraph runs 3308 characters (over 1500)	Overview Sub Destroyer is the ultimate bass drop/subharmonic generator plugin de
joey-sturgis-tones-tominator	software	details	soft-breaks	single-newline breaks mixing block breaks and mid-sentence wraps	FEATURED IN: Tominator is a filter-based plugin solution for killing bleed on yo
joey-sturgis-tones-tominator	software	specs	specs-not-list	specs carries no "- " list (5 line(s))	Requirements A computer with Intel, or M-Series compatible processor, Windows or
joey-sturgis-tones-toneforge-ben-bruce	software	details	soft-breaks	single-newline breaks mixing block breaks and mid-sentence wraps	FEATURED IN: Larger than life Guitar Tone! Toneforge ® Ben Bruce is the signatur
joey-sturgis-tones-toneforge-ben-bruce	software	details	wall	a rendered paragraph runs 5222 characters (over 1500)	FEATURED IN: Larger than life Guitar Tone! Toneforge ® Ben Bruce is the signatur
joey-sturgis-tones-toneforge-ben-bruce	software	details	inline-list	a list flattened into a paragraph	- Ben Bruce Virtual Effects A big part of Ben’s tone comes from more than the a
joey-sturgis-tones-toneforge-di-match	software	details	soft-breaks	single-newline breaks mixing block breaks and mid-sentence wraps	Overview Toneforge DI Match is the first and only audio plugin of its kind, allo
joey-sturgis-tones-toneforge-di-match	software	details	wall	a rendered paragraph runs 2728 characters (over 1500)	Overview Toneforge DI Match is the first and only audio plugin of its kind, allo
joey-sturgis-tones-toneforge-disruptor	software	details	soft-breaks	single-newline breaks mixing block breaks and mid-sentence wraps	Overview Toneforge Disruptor is a virtual guitar rig plugin & standalone app tha
joey-sturgis-tones-toneforge-disruptor	software	details	wall	a rendered paragraph runs 12324 characters (over 1500)	Overview Toneforge Disruptor is a virtual guitar rig plugin & standalone app tha
joey-sturgis-tones-toneforge-guilty-pleasure	software	details	soft-breaks	single-newline breaks mixing block breaks and mid-sentence wraps	FEATURED IN: Toneforge ® Guilty Pleasure is a virtual guitar rig plugin and the
joey-sturgis-tones-toneforge-guilty-pleasure	software	details	wall	a rendered paragraph runs 4717 characters (over 1500)	FEATURED IN: Toneforge ® Guilty Pleasure is a virtual guitar rig plugin and the
joey-sturgis-tones-toneforge-jason-richardson	software	details	soft-breaks	single-newline breaks mixing block breaks and mid-sentence wraps	FEATURED IN: Toneforge® Jason Richardson is the signature guitar rig plugin of g
joey-sturgis-tones-toneforge-jason-richardson	software	details	wall	a rendered paragraph runs 7927 characters (over 1500)	FEATURED IN: Toneforge® Jason Richardson is the signature guitar rig plugin of g
joey-sturgis-tones-toneforge-jeff-loomis	software	details	soft-breaks	single-newline breaks mixing block breaks and mid-sentence wraps	FEATURED IN: Toneforge ® Jeff Loomis is the perfect virtual guitar tone solution
joey-sturgis-tones-toneforge-jeff-loomis	software	details	wall	a rendered paragraph runs 4378 characters (over 1500)	FEATURED IN: Toneforge ® Jeff Loomis is the perfect virtual guitar tone solution
joey-sturgis-tones-toneforge-menace	software	details	soft-breaks	single-newline breaks mixing block breaks and mid-sentence wraps	FEATURED IN: Toneforge® Menace is a virtual guitar rig plugin designed to give y
joey-sturgis-tones-toneforge-menace	software	details	wall	a rendered paragraph runs 3648 characters (over 1500)	FEATURED IN: Toneforge® Menace is a virtual guitar rig plugin designed to give y
joey-sturgis-tones-transify	software	details	soft-breaks	single-newline breaks mixing block breaks and mid-sentence wraps	JST Transify: Multi-Band Transient Shaping Redefined Transform Your Mixes with P
joey-sturgis-tones-transify	software	details	wall	a rendered paragraph runs 2360 characters (over 1500)	JST Transify: Multi-Band Transient Shaping Redefined Transform Your Mixes with P
massey-plugins-ct5	software	details	soft-breaks	single-newline breaks mixing block breaks and mid-sentence wraps	Compression Limit Blend (Dry/Wet) Sidechain Input
massey-plugins-deesser	software	details	soft-breaks	single-newline breaks mixing block breaks and mid-sentence wraps	Reduction Frequency Band-Split Dry-Wet/Ratio Listen Mode Response (X/V/D) Speed
massey-plugins-golden-master	software	details	soft-breaks	single-newline breaks mixing block breaks and mid-sentence wraps	Input Gain Threshold Speed Ratio Output Meter
massey-plugins-l2007	software	details	soft-breaks	single-newline breaks mixing block breaks and mid-sentence wraps	Threshold Output Mode (Loud/Mellow/Smooth/Vibrant) Release
massey-plugins-td5	software	details	soft-breaks	single-newline breaks mixing block breaks and mid-sentence wraps	Delay Time Feedback Mode (Vintage/Retro) Tonal Options
neunaber-wet-reverberator-plug-in	software	details	soft-breaks	single-newline breaks mixing block breaks and mid-sentence wraps	The Wet Reverb is a patented algorithm that has been refined over the span of 10
neunaber-wet-reverberator-plug-in	software	details	inline-list	a list flattened into a paragraph	- This group of controls affects the frequency response of the reverberated (we
recovery-effects-and-devices-motion-pictures-plugin	software	details	soft-breaks	single-newline breaks mixing block breaks and mid-sentence wraps	Windows: Windows 10 or later VST3 compatible host (Ableton Live, FL Studio, Cuba
sonic-academy-kick-2	software	details	soft-breaks	single-newline breaks mixing block breaks and mid-sentence wraps	Analog Drum & Bass House Live Percussion Pop Snares Toms Trance Trap
sonic-academy-node	software	details	soft-breaks	single-newline breaks mixing block breaks and mid-sentence wraps	Serum Arturia Pigments ANA 2 Ableton Wavetable VPS Avenger KV331 Synthmaster
sonic-academy-sa-76	software	details	soft-breaks	single-newline breaks mixing block breaks and mid-sentence wraps	4 8 12 20 ALL
sonic-academy-vela	software	details	soft-breaks	single-newline breaks mixing block breaks and mid-sentence wraps	Low Shelf Bell Low-Cut High-Cut High Shelf
soundcraft-visi-remote	software	details	inline-list	a list flattened into a paragraph	1. Start the ViSi Remote app. 2. Press the 'Devices' button in top left corner
soundpaint-cage-orchestra-2-0	software	details	wall	a rendered paragraph runs 1573 characters (over 1500)	CAGE (Custom Aleatoric Group Effects) is the definitive collection of orchestral
tokyo-dawn-labs-tdr-vos-slickeq-ge	software	specs	specs-not-list	specs carries no "- " list (1 line(s))	Three semi-parametric filter bands, each with two shape options. Five distinct E
universal-audio-anthem-analog-synthesizer	software	details	wall	a rendered paragraph runs 2185 characters (over 1500)	Anthem analog synthesizer is a software synthesizer that offers a range of featu
after-later-audio-ornate-criminal	hardware	details	soft-breaks	single-newline breaks mixing block breaks and mid-sentence wraps	Based on the OC Teensy 4.1 reference design from Paul @ PJRC and runs the Phazer
after-later-audio-usb-2ch	hardware	details	inline-list	a list flattened into a paragraph	- Send two channels into your USB device and receive two channels from USB. Ins
alternate-mode-gigkat-2	hardware	details	wall	a rendered paragraph runs 2023 characters (over 1500)	Leave your computer at home! The gigKAT 2 is a compact, lightweight module desig
animal-factory-amplification-ozymandias-dual-overdrive-distortion-pedal	hardware	specs	markup	encoded angle bracket	s (Light off): FLAIL channel -&gt; CROOK channel -&gt; Output 2 - Parallel (Ligh
ashdown-engineering-abm-rpm-1-evo-ii	hardware	details	wall	a rendered paragraph runs 1705 characters (over 1500)	For those wishing to configure their own rack-mounting bass rigs, the Ashdown RP
ashdown-engineering-abm-rpm-gzr	hardware	details	wall	a rendered paragraph runs 1923 characters (over 1500)	The Ashdown ABM-RPM-GZR is a Custom Bass Preamplifier specifically designed and
ashdown-engineering-agm-5c	hardware	details	wall	a rendered paragraph runs 1742 characters (over 1500)	Built to order from the UK factory. Designed by renowned British valve guru Dave
ashdown-engineering-ashdown-pro-di-1	hardware	details	wall	a rendered paragraph runs 1618 characters (over 1500)	Designed for touring bassists, the Pro-DI packs Ashdown's signature 5-band EQ wi
black-noise-cosmos	hardware	details	wall	a rendered paragraph runs 1518 characters (over 1500)	Cosmos is a new kind of module that will help you to creating complex modulation
black-noise-dual-rectifier-ii-s	hardware	details	inline-list	a list flattened into a paragraph	-Output 1 is a Inverted copy of input 1. -Output 2 Half-rectified , signal from
black-noise-dual-rectifier-ii	hardware	details	inline-list	a list flattened into a paragraph	-Output 1 is a Inverted copy of input 1. -Output 2 Half-rectified , signal from
black-noise-ether	hardware	details	soft-breaks	single-newline breaks mixing block breaks and mid-sentence wraps	Ether is a 4HP output module, the bridge from your eurorack system to profession
black-noise-goma-pro	hardware	details	soft-breaks	single-newline breaks mixing block breaks and mid-sentence wraps	GOMA Pro pushes the boundaries of the attenuverter-mixer concept. Attenuator, at
black-noise-qbi-s	hardware	details	inline-list	a list flattened into a paragraph	-Invert 4 different signals with very high precision. -Duplicate a signal on 3 o
black-noise-qbi	hardware	details	inline-list	a list flattened into a paragraph	-Invert 4 different signals with very high precision. -Duplicate a signal on 3 o
black-noise-voltage-processor	hardware	details	soft-breaks	single-newline breaks mixing block breaks and mid-sentence wraps	Dual VCA Stereo VCA CV Crossfader 2:1 CV Crossfader 1:2 Dual AM CV PAN Dual Atte
bondi-effects-squish-as-compressor	hardware	details	wall	a rendered paragraph runs 2056 characters (over 1500)	The Squish As is the compressor you can rely on to preserve all of the richness
calsynth-alstaden	hardware	details	wall	a rendered paragraph runs 2589 characters (over 1500)	ALSTADEN is your source for harsh and harmonically rich sounds. It is a newly de
calsynth-chiasso-v2	hardware	details	wall	a rendered paragraph runs 1759 characters (over 1500)	CHIASSO V2 stands as an exceptional oscillator, perfect for generating dynamic T
calsynth-cinco	hardware	details	wall	a rendered paragraph runs 2837 characters (over 1500)	Cinco boasts five analog oscillators capable of generating drones or chords comp
calsynth-cion	hardware	details	soft-breaks	single-newline breaks mixing block breaks and mid-sentence wraps	If no external signal is available to trigger the envelope, the function generat
calsynth-influencer	hardware	details	wall	a rendered paragraph runs 2581 characters (over 1500)	INFLUENCER offers a versatile collection of CV tools and creative unpredictabili
calsynth-krakong	hardware	details	inline-list	a list flattened into a paragraph	– Output of the PULSE waveform TRIANGLE – Output of the TRIANGLE waveform RNDM
calsynth-pedal-pal-stereo	hardware	details	wall	a rendered paragraph runs 3114 characters (over 1500)	Connect a stereo or mono signal to the IN sockets (a mono signal to IN L is norm
calsynth-sum-mix-and-pan	hardware	details	wall	a rendered paragraph runs 1923 characters (over 1500)	MIX & PAN completes the ST Modular SUM mixer series with a fully CV-controlled 4
calsynth-trommelmaschine	hardware	details	wall	a rendered paragraph runs 2140 characters (over 1500)	PLEASE NOTE: BUILD AND TROUBLESHOOTING ADVICE CAN NOT BE PROVIDED ON AN INDIVIDU
calsynth-tryfelo	hardware	details	wall	a rendered paragraph runs 2351 characters (over 1500)	Introducing a Triple Re-Settable LFO with Clock Divider – a powerhouse of precis
caparison-angelus-nh	hardware	details	wall	a rendered paragraph runs 2127 characters (over 1500)	The Angelus-NH introduces exciting variations to the classic Caparison Angelus-M
caparison-dellinger-jsm-v2-limited-edition	hardware	details	wall	a rendered paragraph runs 2099 characters (over 1500)	The Dellinger-JSM-V2-LTD Vintage Blue is a limited edition evolution of the Capa
caparison-dellinger-jsm-v2	hardware	details	wall	a rendered paragraph runs 1785 characters (over 1500)	The Dellinger-JSM-V2 model exudes a classic 'old school' meets the 'new school'
caparison-dellinger-prominence-mjr	hardware	details	wall	a rendered paragraph runs 1525 characters (over 1500)	Considered by many as one of the greatest heavy metal guitarists of all time, Mi
caparison-dellinger-prominence-tse	hardware	details	wall	a rendered paragraph runs 2093 characters (over 1500)	Developed in close collaboration with Tom S. Englund, the Dellinger Prominence-T
caparison-dellinger-sh-bm-cl	hardware	details	wall	a rendered paragraph runs 2591 characters (over 1500)	To celebrate Caparison Guitars' 30th anniversary, we created a limited-edition i
caparison-dellinger-wb-fx-ef-mf	hardware	details	wall	a rendered paragraph runs 1697 characters (over 1500)	The latest evolution of the popular Dellinger series is based around a new and i
caparison-dellinger7-wb-fx-ef-mf	hardware	details	wall	a rendered paragraph runs 1773 characters (over 1500)	The latest evolution of the popular Dellinger7 series is based around a new and
caparison-horus-cc-ef-courtney-cox-signature	hardware	details	wall	a rendered paragraph runs 2077 characters (over 1500)	Presenting the Caparison Horus CC EF, Courtney Cox Signature Guitar—a refreshed
caparison-horus-cs-ltd-special-limited-edition	hardware	details	wall	a rendered paragraph runs 1555 characters (over 1500)	Created to celebrate 30 years of Caparison Guitars, the Horus-CS-LTD is a specia
caparison-tat-special-7-fm	hardware	details	wall	a rendered paragraph runs 1774 characters (over 1500)	Caparison's 7-string TAT-Special 7 FM is a constantly evolving flagship design,
caparison-tat-special-fm-fx-ltd	hardware	details	wall	a rendered paragraph runs 1975 characters (over 1500)	Introducing the TAT-Special FM-FX LTD, a limited-edition fixed-bridge model that
caparison-tat-special-fm	hardware	details	wall	a rendered paragraph runs 2162 characters (over 1500)	As a Caparison flagship design, the TAT-Special FM is an ever evolving instrumen
caparison-tat-special-fx-metal-machine-adam-dutkiewicz-signature	hardware	details	wall	a rendered paragraph runs 2087 characters (over 1500)	The TAT Special FX "Metal Machine" was developed with Adam Dutkiewicz, based on
dean-markley-promag-grand	hardware	details	markup	mojibake	weet spot of the guitar - Grandâ has the same rich sound as the Dean Markley Pro
dean-markley-promag-plus	hardware	details	glyph-bullets	bullet glyphs inside a line: a list flattened into prose	t just sing. Made in the USA. • Standard: Comes with a 13' cable with a 1/4" end
der-mann-mit-der-maschine-db8e-display-controller	hardware	details	wall	a rendered paragraph runs 1574 characters (over 1500)	The DB8E controller has a display, eight push buttons and an endless encoder wit
der-mann-mit-der-maschine-droid-master18	hardware	details	wall	a rendered paragraph runs 2521 characters (over 1500)	The MASTER18 is a good choice if you intend to just create CVs and don't need to
der-mann-mit-der-maschine-m4-motor-fader-controller	hardware	details	wall	a rendered paragraph runs 1774 characters (over 1500)	This Droid controller module provides you with four motorised faders (aka flying
diy-recording-equipment-73p-class-a-mic-preamp	hardware	details	wall	a rendered paragraph runs 4304 characters (over 1500)	Transformers were the most straightforward component to choose. Carnhill transfo
diy-recording-equipment-eqp5-passive-equalizer	hardware	details	wall	a rendered paragraph runs 3694 characters (over 1500)	The EQP5's filter is entirely passive and produces an insertion loss across the
diy-recording-equipment-g-bus-vca-compressor-kit	hardware	details	wall	a rendered paragraph runs 5986 characters (over 1500)	The first well-documented DIY bus compressor is the Gyraf GSSL, first published
diy-recording-equipment-mb2-stereo-mic-booster-kit	hardware	details	soft-breaks	single-newline breaks mixing block breaks and mid-sentence wraps	Input Impedance 6.8kΩ 6.7kΩ 10kΩ
diy-recording-equipment-ola5-opto-compressor	hardware	details	wall	a rendered paragraph runs 7430 characters (over 1500)	Our FAQ is so thorough it needs it's own table of contents! 1. What does it mean
diy-recording-equipment-ola5-opto-compressor	hardware	details	inline-list	a list flattened into a paragraph	1. What does it mean that the OLA5 is an 'optical' processor? A: Optical limite
diy-recording-equipment-sb2-passive-summing-mixer-kit	hardware	details	wall	a rendered paragraph runs 1601 characters (over 1500)	For a single track you want panned center, simply send it to a pair of outputs.
dpa-microphones-dsk4001	hardware	details	soft-breaks	single-newline breaks mixing block breaks and mid-sentence wraps	Microphones 1 x 4099-DC-1 Instrument Microphone (Loud SPL) 3 x 4099-DC-2 Instrum
evh-5150iii-50w-el34-2x12-combo	hardware	details	wall	a rendered paragraph runs 1979 characters (over 1500)	The EVH® 5150III® 50W EL34 2x12 Combo delivers signature harmonic overtones with
folktek-matter-ii	hardware	details	wall	a rendered paragraph runs 1569 characters (over 1500)	Matter II may be our most beautiful and fully contemplated module to date. It ta
folktek-matter	hardware	details	wall	a rendered paragraph runs 1587 characters (over 1500)	Like most future Eurorack modules by Folktek, Matter utilizes an onboard patch s
folktek-mescaline-system-v2	hardware	details	inline-list	a list flattened into a paragraph	- Each of these boards are eurorack compatible and can be installed in a eurora
fulltone-2b-booster	hardware	details	wall	a rendered paragraph runs 3222 characters (over 1500)	What is it? The Fulltone 2B is a tiny, transparent, and amazing boost pedal, bor
fulltone-aby-soft-touch-v2	hardware	details	wall	a rendered paragraph runs 2619 characters (over 1500)	The CS-ABY-ST is now the "v2," is now Black , still the best ABY switcher in the
fulltone-full-drive2-v2	hardware	details	wall	a rendered paragraph runs 1775 characters (over 1500)	FEATURES : Dimensions: 4.45"W x 4.2"D x 2.5"H 16 gauge cold rolled steel enclosu
fulltone-full-drive3	hardware	details	soft-breaks	single-newline breaks mixing block breaks and mid-sentence wraps	Unlike its cousin the FD2, the FD3 uses both a JFET input and a JFET op-amp, giv
fulltone-full-drive3	hardware	details	wall	a rendered paragraph runs 1873 characters (over 1500)	Unlike its cousin the FD2, the FD3 uses both a JFET input and a JFET op-amp, giv
fulltone-mini-deja-vibe-mkii	hardware	details	glyph-bullets	bullet glyphs inside a line: a list flattened into prose	Features: • 30% smaller enclosure than older MDVs, still with top-mounted jacks
fulltone-mini-deja-vibe3-v2	hardware	details	wall	a rendered paragraph runs 1523 characters (over 1500)	4 x glass covered/hermetically-sealed photocells and an incandescent bulb on the
fulltone-ocdv2	hardware	details	wall	a rendered paragraph runs 3131 characters (over 1500)	True-Bypass (TB) switching was the ultimate way to achieve a clean signal path f
fulltone-plimsoul-mkii	hardware	details	wall	a rendered paragraph runs 2285 characters (over 1500)	Clipping = Distortion, and for many years we've only been offered two clipping c
fulltone-queen-bee	hardware	details	wall	a rendered paragraph runs 2375 characters (over 1500)	What is the Queen Bee? The Custom Shop Queen Bee is powered by 3 x New Old Stock
fulltone-supa-trem-junior	hardware	details	wall	a rendered paragraph runs 2142 characters (over 1500)	The logical progression to the beloved Supa-Trem1 is here! It's a much, much sma
fulltone-supa-trem2-v2	hardware	details	wall	a rendered paragraph runs 1890 characters (over 1500)	**Fairchild JFETs **on each input! The very first thing your guitar hits...and I
hampshire-electronics-cerberus	hardware	details	wall	a rendered paragraph runs 3398 characters (over 1500)	Cerberus is a complete hybrid analogue/digital synthesiser voice in 16HP — built
hampshire-electronics-ladder-filter	hardware	details	wall	a rendered paragraph runs 1633 characters (over 1500)	The Hampshire Electronics LADD is a warm, characterful 4-pole low-pass filter bu
hampshire-electronics-vulcan-mk2	hardware	details	soft-breaks	single-newline breaks mixing block breaks and mid-sentence wraps	Program Change → instant preset recall , so you can switch sounds hands-free fro
harmony-h62-reissue-electric-guitar-sunburst	hardware	details	wall	a rendered paragraph runs 1541 characters (over 1500)	The Harmony H62 Reissue is a stunning guitar that seamlessly blends vintage aest
herzlich-labs-clone-mult	hardware	details	wall	a rendered paragraph runs 1861 characters (over 1500)	What comes to mind when you think of precision? A surgeon with a scalpel? A watc
herzlich-labs-cortisol-legend	hardware	details	wall	a rendered paragraph runs 1872 characters (over 1500)	Introducing the Cortisol Legend : a spiritual successor to one of my early desig
herzlich-labs-dual-tachycardia-passive-dual-gate-to-62960-1u-w-o-enclosure	hardware	details	wall	a rendered paragraph runs 1564 characters (over 1500)	You've been here before - it's like unwrapping a gift that's nearly, but not qui
herzlich-labs-dual-tachycardia-passive-dual-gate-to-62960	hardware	details	wall	a rendered paragraph runs 1649 characters (over 1500)	You've been here before - it's like unwrapping a gift that's nearly, but not qui
herzlich-labs-dual-tachycardia	hardware	details	wall	a rendered paragraph runs 1564 characters (over 1500)	You've been here before - it's like unwrapping a gift that's nearly, but not qui
herzlich-labs-gate-2-trigger-0hp-3hp-1u-passive-gate-to-trigger-converter	hardware	details	wall	a rendered paragraph runs 1535 characters (over 1500)	You've been here before - it's like unwrapping a gift that's nearly, but not qui
herzlich-labs-gatekeeper	hardware	details	wall	a rendered paragraph runs 1693 characters (over 1500)	Spent all day at work pushing bad buttons? Go home and push good buttons instead
herzlich-labs-high-sea	hardware	details	wall	a rendered paragraph runs 1522 characters (over 1500)	Choppy waves. Calm waves. Square waves? Listen, there's a reason why if you go o
herzlich-labs-manual-gate	hardware	details	wall	a rendered paragraph runs 1822 characters (over 1500)	Bartender? The power of gate signals at the touch of a button, please - but make
herzlich-labs-micro-gate	hardware	details	wall	a rendered paragraph runs 1821 characters (over 1500)	Bartender? The power of gate signals at the touch of a button, please - but make
herzlich-labs-mmi-titan	hardware	details	wall	a rendered paragraph runs 1991 characters (over 1500)	For those exploring on the frontiers of sonic research, the MMI Titan is here to
herzlich-labs-mute-switch-0hp-herzlich-apnea-61946-no-enclosure-1u	hardware	details	wall	a rendered paragraph runs 1761 characters (over 1500)	Be quiet! Choosing when a signal should and should not be present is key to perf
herzlich-labs-mute-switch-0hp-herzlich-apnea-61946	hardware	details	wall	a rendered paragraph runs 1761 characters (over 1500)	Be quiet! Choosing when a signal should and should not be present is key to perf
herzlich-labs-mute	hardware	details	wall	a rendered paragraph runs 1761 characters (over 1500)	Be quiet! Choosing when a signal should and should not be present is key to perf
herzlich-labs-omen-lpg	hardware	details	wall	a rendered paragraph runs 2658 characters (over 1500)	The Omen is a dual LPG with a bit more than you might be used to. Like you, I on
herzlich-labs-solist	hardware	details	wall	a rendered paragraph runs 1519 characters (over 1500)	Solist is not your average performance mixer and mute combination - far from it.
herzlich-labs-stereo-breakout	hardware	details	wall	a rendered paragraph runs 1516 characters (over 1500)	There you stand, modular synthesist, Walkman in hand. Whereever shall your 3,5mm
herzlich-labs-stereo-fx-integrator-sfxi	hardware	details	wall	a rendered paragraph runs 1591 characters (over 1500)	Don't fry your beloved pedals and rack effects! You've been up all night in a bi
holocene-electronics-scanni-mix	hardware	details	soft-breaks	single-newline breaks mixing block breaks and mid-sentence wraps	SCANNI-MIX is a 12HP 5 input Voltage-Controlled Scanning Audio/CV Mixer and Pann
ik-multimedia-x-vibe	hardware	details	inline-list	a list flattened into a paragraph	- Inspired by '80s stereo chorus effects, Chorus-1 - Based on Solina String Ens
italia-mondial-classic	hardware	details	wall	a rendered paragraph runs 1609 characters (over 1500)	The Mondial Classic hits at the very core of what the Italia product line is abo
jhs-pedals-morning-glory-clean	hardware	details	soft-breaks	single-newline breaks mixing block breaks and mid-sentence wraps	CONTROLS Volume — Adjusts the overall volume in conjunction with the drive and c
jhs-pedals-notadumble-v2	hardware	details	soft-breaks	single-newline breaks mixing block breaks and mid-sentence wraps	JACKS Input – 1/4" jack on the top right side of the pedal. Output – 1/4" jack o
jhs-pedals-pulp-n-peel-v4	hardware	details	soft-breaks	single-newline breaks mixing block breaks and mid-sentence wraps	THE EXACT COMPRESSION YOU'VE BEEN WAITING FOR We know how much effort you put in
joranalogue-audio-design-collide-4	hardware	details	wall	a rendered paragraph runs 1509 characters (over 1500)	QUADRATURE SPECTRAL COMPUTER 20 HP | +12: 200 mA, −12: 200 mA | JORC4 User Manua
joranalogue-audio-design-compare-2	hardware	details	wall	a rendered paragraph runs 1718 characters (over 1500)	DUAL WINDOW COMPARATOR 8 HP | +12: 20 mA, −12: 15 mA | JORC2 User Manual (PDF) |
joranalogue-audio-design-contour-1	hardware	details	wall	a rendered paragraph runs 1840 characters (over 1500)	SLEW LIMITER/FUNCTION GENERATOR 8 HP | +12: 90 mA, −12: 85 mA | JORC1 User Manua
joranalogue-audio-design-flow-3	hardware	details	wall	a rendered paragraph runs 1539 characters (over 1500)	AUTO-DYNAMIC FILTER 6 HP | +12: 45 mA, −12: 45 mA | JORF3 User Manual (PDF) | Mo
joranalogue-audio-design-fold-6	hardware	details	wall	a rendered paragraph runs 1851 characters (over 1500)	MULTI-TOPOLOGY WAVEFOLDER 4 HP | +12: 40 mA, −12: 40 mA | JORF6 User Manual (PDF
joranalogue-audio-design-morph-4	hardware	details	wall	a rendered paragraph runs 1819 characters (over 1500)	DIMENSIONAL MODULATION ARRAY 20 HP | +12: 110 mA, −12: 110 mA | JORM4 User Manua
joranalogue-audio-design-receive-2	hardware	details	wall	a rendered paragraph runs 1709 characters (over 1500)	DUAL BALANCED LINE INPUTS 6 HP | +12: 35 mA, −12: 35 mA | JORR2 User Manual (PDF
joranalogue-audio-design-route-4	hardware	details	wall	a rendered paragraph runs 1655 characters (over 1500)	LATCHING SIGNAL ROUTER 8 HP | +12: 35 mA, −12: 20 mA | JORR4 User Manual (PDF) |
joranalogue-audio-design-transmit-2	hardware	details	wall	a rendered paragraph runs 1819 characters (over 1500)	STEREO BALANCED LINE OUTPUTS 6 HP | +12: 100 mA, −12: 100 mA | JORT2 User Manual
joranalogue-audio-design-warp-1	hardware	details	wall	a rendered paragraph runs 1517 characters (over 1500)	POWER CURVE WAVESHAPER 8 HP | +12: 65 mA, −12: 60 mA | JORW1 User Manual (PDF) |
maxon-analog-delay-ad999	hardware	details	wall	a rendered paragraph runs 1530 characters (over 1500)	*Please note: Maxon has discontinued the AC210 AC Adapter. Due to this, the Maxo
maxon-analog-delay-pro-ad999pro	hardware	details	wall	a rendered paragraph runs 2216 characters (over 1500)	A high impedance input buffer passes signal to a Compander stage that acts as a
maxon-analog-delay-pro-ad9pro	hardware	details	wall	a rendered paragraph runs 2025 characters (over 1500)	The AD-9 Pro starts with a string of low gain, low voltage op amps designed to b
maxon-auto-filter-af-9	hardware	details	wall	a rendered paragraph runs 1597 characters (over 1500)	New look - Same great sound. You may have noticed that the Maxon AF-9 Auto Filte
maxon-compressor-limiter-cp9pro	hardware	details	wall	a rendered paragraph runs 2085 characters (over 1500)	When re-designing the CP-9, Maxon looked at every type of compressor on the mark
maxon-distortion-master-ds830	hardware	details	wall	a rendered paragraph runs 1627 characters (over 1500)	*Please note: Maxon has discontinued the AC210 AC Adapter. Due to this, the Maxo
maxon-fortin-modded-overdrive-faod-9	hardware	details	wall	a rendered paragraph runs 1738 characters (over 1500)	It's an undisputed fact that countless Metal & extreme music guitarists have use
maxon-organic-overdrive-ood-9	hardware	details	wall	a rendered paragraph runs 1752 characters (over 1500)	The OOD-9 signal path starts with a 2SK246 jFET buffer which provides a high inp
maxon-overdrive-extreme-od808x	hardware	details	wall	a rendered paragraph runs 2086 characters (over 1500)	For over 40 years Maxon's legendary "808" overdrive circuit has been an essentia
maxon-overdrive-pro-plus-od-9pro	hardware	details	wall	a rendered paragraph runs 1551 characters (over 1500)	The OD-9 Pro+ starts with a jFET buffer which simultaneously offers high input i
maxon-overdrive-soft-distortion-osd-9	hardware	details	wall	a rendered paragraph runs 2005 characters (over 1500)	Please note , Godlyke, Inc. is no longer Maxon's Distributor and will no longer
maxon-pro-plus-phase-shifter-pt-9pro	hardware	details	soft-breaks	single-newline breaks mixing block breaks and mid-sentence wraps	Controls : SPEED: .055 TO 8.3 Hz (18 Sec to 120 mSec) FEEDBACK WIDTH
maxon-pro-plus-phase-shifter-pt-9pro	hardware	details	wall	a rendered paragraph runs 2055 characters (over 1500)	The PT-9 Pro+ circuit begins with an Op Amp buffer, then the signal is split (ch
maxon-pure-analog-chorus-pac-9	hardware	details	wall	a rendered paragraph runs 1733 characters (over 1500)	The first thing you'll notice when you step on the PAC-9 is a beefy, full-bodied
maxon-real-tube-compressor-rtc600	hardware	details	wall	a rendered paragraph runs 1660 characters (over 1500)	The RTC600 is like taking the finest studio-grade tube compressors and "squeezin
maxon-real-tube-overdrive-distortion-rtd800	hardware	details	wall	a rendered paragraph runs 2429 characters (over 1500)	With independent Overdrive, Distortion, Boost and Noise Gate circuits all under
maxon-true-tube-booster-overdrive-tbo-9	hardware	details	wall	a rendered paragraph runs 1678 characters (over 1500)	The basic TBO-9 circuit architecture is very similar to the Maxon OD820, includi
maxon-true-tube-overdrive-tod-9	hardware	details	wall	a rendered paragraph runs 1619 characters (over 1500)	Please note , Godlyke, Inc. is no longer Maxon's Distributor and will no longer
maxon-vintage-jet-riser-vjr-9	hardware	details	wall	a rendered paragraph runs 1861 characters (over 1500)	Designed in homage to classic 70's distortion modulators such as the Flying Pan
maxon-vintage-overdrive-pro-vop-9	hardware	details	wall	a rendered paragraph runs 2433 characters (over 1500)	Please note , Godlyke, Inc. is no longer Maxon's Distributor and will no longer
maxon-vintage-overdrive-pro-vop-9	hardware	details	inline-list	a list flattened into a paragraph	- It adds a lot of sonic depth to my lead playing." - Dave Weiner - Guitarist w
midas-hd96-24-cc-tp	hardware	details	wall	a rendered paragraph runs 1558 characters (over 1500)	The Midas HD96-24-CC-TP is the Touring Package variant of the HD96-24 Control Ce
midas-hd96-air-cc-ip	hardware	details	wall	a rendered paragraph runs 1863 characters (over 1500)	The HD96-AIR-CC-IP is the Control Centre (in-package) variant of the Midas HD96-
midas-hd96-air-cc-tp	hardware	details	wall	a rendered paragraph runs 2062 characters (over 1500)	The Midas HD96-AIR-CC-TP is the Touring Package variant of the HD96-AIR Control
midas-hub4	hardware	details	wall	a rendered paragraph runs 1925 characters (over 1500)	Cascading Hubs for Large Setups: HUB4 can easily be daisy-chained to make additi
midas-m32r-live	hardware	details	wall	a rendered paragraph runs 1931 characters (over 1500)	The Midas M32R LIVE is a mid-format rack-mountable digital live mixing console d
milkman-sound-10w-pint-2	hardware	details	wall	a rendered paragraph runs 2868 characters (over 1500)	Low power with more power ABOUT The Pint is designed to add a little bit more po
milkman-sound-15w-ht-2	hardware	details	wall	a rendered paragraph runs 2869 characters (over 1500)	The first of its kind ABOUT The HT15 is the result of 6 years of careful experim
milkman-sound-20w	hardware	details	wall	a rendered paragraph runs 3402 characters (over 1500)	The Little Milkman that Delivers ABOUT I design amps based on my own experience
milkman-sound-45w-tres-leches-12-combo-milkman-ceramic-speaker	hardware	details	wall	a rendered paragraph runs 1530 characters (over 1500)	The power attenuator circuit in the Tres Leches is very unique. In the lower wat
milkman-sound-45w-tres-leches-15-combo-milkman-alnico-speaker	hardware	details	wall	a rendered paragraph runs 1530 characters (over 1500)	The power attenuator circuit in the Tres Leches is very unique. In the lower wat
milkman-sound-45w-tres-leches-15-combo-milkman-ceramic-speaker	hardware	details	wall	a rendered paragraph runs 1530 characters (over 1500)	The power attenuator circuit in the Tres Leches is very unique. In the lower wat
milkman-sound-45w-tres-leches-2	hardware	details	wall	a rendered paragraph runs 2432 characters (over 1500)	Three amps in one ABOUT The Tres Leches amplifier is the first in a series of am
milkman-sound-45w-tres-leches-head	hardware	details	wall	a rendered paragraph runs 1530 characters (over 1500)	The power attenuator circuit in the Tres Leches is very unique. In the lower wat
milkman-sound-45w-tres-leches	hardware	details	wall	a rendered paragraph runs 1530 characters (over 1500)	The power attenuator circuit in the Tres Leches is very unique. In the lower wat
milkman-sound-50w-sideman	hardware	details	wall	a rendered paragraph runs 1774 characters (over 1500)	I designed the Sideman amplifier about 4 years ago as the only two channel Milkm
milkman-sound-85w-pedal-steel-2	hardware	details	wall	a rendered paragraph runs 2606 characters (over 1500)	The Monster of Clean Tone ABOUT The Milkman 85W Amplifier is the flagship of the
milkman-sound-one-watt-plus-2	hardware	details	wall	a rendered paragraph runs 3221 characters (over 1500)	Simple and Versatile and more ABOUT The One Watt Plus amplifier adds more to the
milkman-sound-steel-guitar-half-and-half	hardware	details	wall	a rendered paragraph runs 2142 characters (over 1500)	Handwired Tube meets Class D Power ABOUT The Half and Half is where the old tech
milkman-sound-the-amp	hardware	details	wall	a rendered paragraph runs 2605 characters (over 1500)	What is The Amp? First and foremost, it's a 50W Guitar amplifier. The preamp is
modbap-modular-clrs	hardware	details	wall	a rendered paragraph runs 4053 characters (over 1500)	Available and shipping now. Introducing the CLRS (pronounced colors) module by M
modbap-modular-hue	hardware	details	wall	a rendered paragraph runs 2247 characters (over 1500)	HUE is an audio color and textural processing effect, in 6hp eurorack format. Hu
modbap-modular-meridian	hardware	details	wall	a rendered paragraph runs 2402 characters (over 1500)	This module has been discontinued and will remain on the site for historical and
neumann-km-185-series-180	hardware	details	wall	a rendered paragraph runs 1684 characters (over 1500)	The KM 185 is a state-of-the-art small diaphragm condenser microphone with a tig
neunaber-101-reverb	hardware	details	soft-breaks	single-newline breaks mixing block breaks and mid-sentence wraps	Featuring an interesting new take on the usual three-knob EQ section, the Bass a
neunaber-aviator-cub-uk	hardware	details	soft-breaks	single-newline breaks mixing block breaks and mid-sentence wraps	The Aviator Cub UK is designed to give you the ultimate flexibility and performa
neunaber-aviator-cub-us	hardware	details	soft-breaks	single-newline breaks mixing block breaks and mid-sentence wraps	With the Quilter Aviator Cub, you're not just playing through an amp; you're cha
neunaber-aviator-mach-3-combo	hardware	details	soft-breaks	single-newline breaks mixing block breaks and mid-sentence wraps	Despite its extensive features, the Mach 3's compact design makes it an ideal co
neunaber-bass-block-v803	hardware	details	soft-breaks	single-newline breaks mixing block breaks and mid-sentence wraps	· Power and Performance: Delivers over 800W to handle any speaker with ease. A h
neunaber-bass-block-v803	hardware	details	wall	a rendered paragraph runs 2035 characters (over 1500)	· Power and Performance: Delivers over 800W to handle any speaker with ease. A h
neunaber-neuron-gain-intelligence	hardware	details	soft-breaks	single-newline breaks mixing block breaks and mid-sentence wraps	The complexity of an amp modeler can feel overwhelming when all you want is awes
neunaber-phantom-block	hardware	details	soft-breaks	single-newline breaks mixing block breaks and mid-sentence wraps	Gigging musicians know that sometimes it's the most inconspicuous piece of gear
neunaber-superblock-uk	hardware	details	soft-breaks	single-newline breaks mixing block breaks and mid-sentence wraps	With the Quilter SuperBlock UK, you have the power to shape your sound with prec
neunaber-superblock-us	hardware	details	soft-breaks	single-newline breaks mixing block breaks and mid-sentence wraps	Fitting into a slot about the size of a double-width pedal, the SuperBlock US is
neunaber-tone-block-202	hardware	details	soft-breaks	single-newline breaks mixing block breaks and mid-sentence wraps	The Tone Block 202 is the ultimate "go anywhere do anything" instrument amplific
olivia-artz-modular-teletouch	hardware	details	wall	a rendered paragraph runs 2018 characters (over 1500)	Teletouch is an expressive performance instrument designed primarily for the Mon
one-control-anodized-brown-distortion-4k	hardware	details	wall	a rendered paragraph runs 1618 characters (over 1500)	Our original Anodized Brown Distortion (ADB) pedal has been one of our most popu
one-control-baltic-blue-fuzz	hardware	details	wall	a rendered paragraph runs 2028 characters (over 1500)	The BALTIC BLUE FUZZ circuit is not a Big Muff clone but shares a similar topolo
one-control-bjf-s100-with-fs-p3s	hardware	details	wall	a rendered paragraph runs 2657 characters (over 1500)	The One Control BJF-S100 brings the rock sounds from the late 1960s to the early
one-control-bjf-s100	hardware	details	wall	a rendered paragraph runs 2657 characters (over 1500)	The One Control BJF-S100 brings the rock sounds from the late 1960s to the early
one-control-bjf-s66-fs-p3	hardware	details	wall	a rendered paragraph runs 2229 characters (over 1500)	Over the past few decades, Björn Juhl has crafted and designed amplifiers for fa
one-control-bjf-s66-with-fs-p3s	hardware	details	wall	a rendered paragraph runs 1613 characters (over 1500)	Over the past few decades, Björn Juhl has crafted and designed amplifiers for fa
one-control-bjf-s66	hardware	details	wall	a rendered paragraph runs 2229 characters (over 1500)	Over the past few decades, Björn Juhl has crafted and designed amplifiers for fa
one-control-blue-360-aiab	hardware	details	wall	a rendered paragraph runs 3601 characters (over 1500)	There was a band I played with for years where the bassist used an Acoustic 360,
one-control-blue-bee-od-4k-mini	hardware	details	wall	a rendered paragraph runs 2206 characters (over 1500)	The One Control Blue Bee OD 4K Mini is a legendary amp-like pedal and one of the
one-control-butter-yellow-auto-quack	hardware	details	wall	a rendered paragraph runs 2906 characters (over 1500)	Overview Is an envolpe controlled filter. This type of filter is controlled by t
one-control-caiman-tail-loop	hardware	details	glyph-bullets	bullet glyphs inside a line: a list flattened into prose	ering your effects. Features: • 150 presets (5 lanes, 5 programmable banks, 5 pr
one-control-chamaeleo-tail-loop-mkiii	hardware	details	inline-list	a list flattened into a paragraph	- In Program Mode, you can store and recall presets containing specific ON/OFF
one-control-crocodile-tail-loop-oc10	hardware	details	wall	a rendered paragraph runs 6141 characters (over 1500)	The Crocodile Tail Loop is the flagship switcher from One Control. Create up to
one-control-crocodile-tail-loop-wing-oc10w	hardware	details	wall	a rendered paragraph runs 1983 characters (over 1500)	One Control OC10W Crocodile Tail Loop Wing with WINGLINK iOS App Control. We at
one-control-dimension-blue-monger	hardware	details	soft-breaks	single-newline breaks mixing block breaks and mid-sentence wraps	Specifications Input impedance: 280 K Output impedance: 2K Drive voltage: 9 V Cu
one-control-fluorescent-orange-aiab	hardware	details	wall	a rendered paragraph runs 2024 characters (over 1500)	A significant part of the British Invasion of the 60's and 70's was not only ban
one-control-gecko-mkiii	hardware	details	wall	a rendered paragraph runs 3037 characters (over 1500)	The Gecko is a compact, lightweight solution for quickly switching between progr
one-control-gecko-mkiii	hardware	details	inline-list	a list flattened into a paragraph	1. Select Preset Mod (E1) MIDI signals sent only when the OK footswitch is pres
one-control-golden-acorn-overdrive-special	hardware	details	wall	a rendered paragraph runs 4840 characters (over 1500)	Features This pedal was designed to reproduce the iconic overdrive and tremendou
one-control-granith-grey-booster	hardware	details	wall	a rendered paragraph runs 6784 characters (over 1500)	Features The GRANITH GREY BOOSTER allows a high-quality boost of up to +15dB wit
one-control-hooker-s-green-bass-machine-4k	hardware	details	wall	a rendered paragraph runs 6200 characters (over 1500)	Features The HOOKER'S GREEN BASS MACHINE 4K has the wide dynamic range of bass t
one-control-iguana-tail-loop-mkiii	hardware	details	wall	a rendered paragraph runs 3248 characters (over 1500)	One Control Iguana Tail Loop MKIII – 5 Loop with Tuner Out and BJF Buffer There
one-control-lemon-yellow-compressor-4k	hardware	details	glyph-bullets	bullet glyphs inside a line: a list flattened into prose	see in this superior sound?" ● Controls ・ VOLUME: Adjusts the volume. ・ BLEND:
one-control-lemon-yellow-compressor-4k	hardware	details	wall	a rendered paragraph runs 6715 characters (over 1500)	What do musicians look for in an effect called a compressor? Crispness of the to
one-control-little-copper-chorus	hardware	details	wall	a rendered paragraph runs 1550 characters (over 1500)	Features The LITTLE COPPER CHORUS is the most compact and versatile chorus pedal
one-control-little-green-emphaser	hardware	details	soft-breaks	single-newline breaks mixing block breaks and mid-sentence wraps	Features The LITTLE GREEN EMPHASER is a dynamic boost pedal which allows the pla
one-control-lwp-series-purple-humper-solder-free-pedal-kit	hardware	details	wall	a rendered paragraph runs 1507 characters (over 1500)	The Purple Humper is a mid-boost pedal kit that captures the magic of a rare BJF
one-control-lx-tuner-with-bjf-buffer	hardware	details	wall	a rendered paragraph runs 6419 characters (over 1500)	What do we all need from a tuner? Something reliable that does not change the to
one-control-lx-tuner-with-bjf-buffer	hardware	details	inline-list	a list flattened into a paragraph	– In addition to the standard "A Mode", the LX TUNER has "STROBE MODE" and "HAL
one-control-marigold-orange-overdrive	hardware	details	wall	a rendered paragraph runs 3046 characters (over 1500)	When selecting among the various few thousand permutations of classic overdrive
one-control-minimal-series-1-loop-box	hardware	details	wall	a rendered paragraph runs 3014 characters (over 1500)	One Control Minimal Series 1LoopBOX is a sturdy and simple effects loop switcher
one-control-minimal-series-abbox	hardware	details	inline-list	a list flattened into a paragraph	1) Amp Selector The AB Box has one input and two outputs. Plug your guitar into
one-control-minimal-series-bjf-buffer	hardware	details	wall	a rendered paragraph runs 4055 characters (over 1500)	The image of buffers has been unfairly maligned in the music press and in the ge
one-control-minimal-series-dc-porter-mkii	hardware	details	wall	a rendered paragraph runs 1502 characters (over 1500)	In 2017 we released the DC Porter, which brought innovation to the power supply
one-control-minimal-series-distro-mkii-isolated	hardware	details	glyph-bullets	bullet glyphs inside a line: a list flattened into prose	rangement on your pedalboard. ●What is an independent power supply? A power supp
one-control-minimal-series-distro-mkii-isolated	hardware	details	wall	a rendered paragraph runs 2564 characters (over 1500)	Our new MSDMKII does not take up much space on your pedalboard and supplies powe
one-control-minimal-series-midi-dual-stereo-loop	hardware	details	wall	a rendered paragraph runs 1549 characters (over 1500)	One Control brings players easy MIDI Loop functionality with the new Minimal Ser
one-control-minimal-series-mosquito-blender-expressio-with-bjf-buffer	hardware	details	glyph-bullets	bullet glyphs inside a line: a list flattened into prose	to a warm and natural sound. ●Controls: ・MASTER: Adjusts the overall volume. ·
one-control-minimal-series-mosquito-blender-expressio-with-bjf-buffer	hardware	details	soft-breaks	single-newline breaks mixing block breaks and mid-sentence wraps	When the input is overloaded, it will not degrade the output tone. Created at th
one-control-minimal-series-mosquito-blender-expressio-with-bjf-buffer	hardware	details	wall	a rendered paragraph runs 1915 characters (over 1500)	When the input is overloaded, it will not degrade the output tone. Created at th
one-control-minimal-series-pedal-board-junction-box-with-bjf-buffer	hardware	details	wall	a rendered paragraph runs 6163 characters (over 1500)	One Control Minimal Series Pedal Board Junction Box with BJF Buffer saves you ti
one-control-minimal-series-silver-para-bass-buffer	hardware	details	glyph-bullets	bullet glyphs inside a line: a list flattened into prose	onstruction from One Control. ●Control Z: Adjusts the input impedance. ●Specs In
one-control-minimal-series-silver-para-bass-buffer	hardware	details	soft-breaks	single-newline breaks mixing block breaks and mid-sentence wraps	One Control has used the classic BJF Buffer Circuit on several of our devices as
one-control-minimal-series-silver-para-bass-buffer	hardware	details	wall	a rendered paragraph runs 1916 characters (over 1500)	One Control has used the classic BJF Buffer Circuit on several of our devices as
one-control-persian-green-screamer	hardware	details	soft-breaks	single-newline breaks mixing block breaks and mid-sentence wraps	Features The PERSIAN GREEN SCREAMER is able to create contradicting sounds; a vi
one-control-persian-green-screamer	hardware	details	wall	a rendered paragraph runs 3322 characters (over 1500)	The PERSIAN GREEN SCREAMER aims to attain the ultimate tube screamer sound. I've
one-control-prussian-blue-reverb	hardware	details	wall	a rendered paragraph runs 4951 characters (over 1500)	Features Unlike other reverb pedals, that have a high octave and spring-like sou
one-control-purple-plexifier-4k	hardware	details	wall	a rendered paragraph runs 3136 characters (over 1500)	The One Control Purple Plexifier 4K pedal is designed to capture the legendary t
one-control-raspberry-booster	hardware	details	wall	a rendered paragraph runs 3260 characters (over 1500)	Features The RASPBERRY BOOSTER by One Control is a unique boost pedal designed t
one-control-silver-bee-od-4k-mini	hardware	details	wall	a rendered paragraph runs 3481 characters (over 1500)	The One Control Silver Bee OD 4K Mini is a version customized by BJF himself bas
one-control-silver-bee-od-limited-bjfe-style-wave	hardware	details	glyph-bullets	bullet glyphs inside a line: a list flattened into prose	brings a new sting your tone. ●Controls Volume: Adjusts overall signal volume. D
one-control-silver-bee-od-limited-bjfe-style-wave	hardware	details	wall	a rendered paragraph runs 1939 characters (over 1500)	From the tonal palette of the analog effects master Bjorn Juhl (BJF/BJFe), the S
one-control-sonic-silver-peg	hardware	details	wall	a rendered paragraph runs 1904 characters (over 1500)	With every pick of the strings, a certain attack is added which in turn creates
one-control-strawberry-red-overdrive-4k	hardware	details	wall	a rendered paragraph runs 4400 characters (over 1500)	It's been decades since the first effects pedal called an "Overdrive" was born.
one-control-super-apricot-od	hardware	details	wall	a rendered paragraph runs 2883 characters (over 1500)	Features One Control SUPER APRICOT OD is AIAB (Amplifier-in-a-Box) is designed t
one-control-tiger-lily-tremolo	hardware	details	soft-breaks	single-newline breaks mixing block breaks and mid-sentence wraps	Features The TIGER LILY TREMOLO is one of the most versatile tremolo pedals on t
one-control-tornado-drive-aluminum	hardware	details	wall	a rendered paragraph runs 2743 characters (over 1500)	The TORNADO Drive Aluminum is an overdrive pedal completed under the supervision
one-control-xenagama-tail-loop-mkiii	hardware	details	wall	a rendered paragraph runs 1812 characters (over 1500)	There is no point in taking up too much space for a pedalboard loop switcher to
p4l-kpg-4u	hardware	translations.ja.details	soft-breaks	single-newline breaks mixing block breaks and mid-sentence wraps	・4 CV INPUT ・SYNC INPUT ・16 GATE / TRIGGER OUTPUT (背面のハンダパッドをハンダ付けすることで各出力ごとにGAT
p4l-kpg	hardware	translations.ja.details	soft-breaks	single-newline breaks mixing block breaks and mid-sentence wraps	・4 CV INPUT ・SYNC INPUT ・16 GATE / TRIGGER OUTPUT (背面のジャンパーをカットすることで各出力ごとにGATE/T
p4l-lpg	hardware	translations.ja.details	soft-breaks	single-newline breaks mixing block breaks and mid-sentence wraps	特徴的な機能 ・Low Pass Filter モード時にレゾナンス効果を追加 ・LPFモード時に自己発振した状態でACC INにゲートシグナルを入力することで
p4l-mikro-kpg	hardware	translations.ja.details	soft-breaks	single-newline breaks mixing block breaks and mid-sentence wraps	・3 CV INPUT ・SYNC INPUT ・背面のトリマーでCVのスレッショルド電圧を調整可能。 ・8 GATE / TRIGGER OUTPUT (背面
p4l-timbre	hardware	translations.ja.details	soft-breaks	single-newline breaks mixing block breaks and mid-sentence wraps	特徴的な機能 ・インプットアッテネーター/ブースター搭載 ・Sine to Tri ウェイブシェイプコンバーター搭載 ・NOSメタル缶トランジスタを使用
pioneer-dj-ddj-ergo-k	hardware	details	wall	a rendered paragraph runs 1822 characters (over 1500)	DJ controller for Virtual DJ Limited Edition. The DDJ-ERGO brings simplicity int
pioneer-dj-ddj-ergo-v	hardware	details	wall	a rendered paragraph runs 1822 characters (over 1500)	DJ controller for Virtual DJ Limited Edition. The DDJ-ERGO brings simplicity int
pioneer-dj-ddj-s1	hardware	details	wall	a rendered paragraph runs 1673 characters (over 1500)	DJ controller for Serato DJ Pro. The DDJ-S1 offers familiarity, innovation and p
pioneer-dj-ddj-t1	hardware	details	wall	a rendered paragraph runs 1507 characters (over 1500)	DJ controller for TRAKTOR. The DDJ-T1 offers the same operability and layout as
pioneer-dj-djm-2000	hardware	details	wall	a rendered paragraph runs 1750 characters (over 1500)	If you’re looking for a mixer that matches our new industry-standard CDJ-2000 di
pioneer-dj-djm-3000	hardware	details	wall	a rendered paragraph runs 1769 characters (over 1500)	The DJM-3000 is equipped with an industry-first Effect Mix Mode that accurately
pioneer-dj-djm-t1	hardware	details	wall	a rendered paragraph runs 1512 characters (over 1500)	The DJM-T1 is the first TRAKTOR certified mixer designed specifically to nativel
prs-se-chleo	hardware	details	wall	a rendered paragraph runs 1976 characters (over 1500)	The PRS SE Chleo is the result of an intimate collaboration between PRS Guitars
recovery-effects-and-devices-ghost-writer-pedal-without-midi-cable	hardware	details	soft-breaks	single-newline breaks mixing block breaks and mid-sentence wraps	Please note that some components, such as knobs, may be subject to change based
recovery-effects-and-devices-ghost-writer-pedal	hardware	details	wall	a rendered paragraph runs 1796 characters (over 1500)	GHOST WRITER PEDAL (Audio to MIDI Device) Ghost Writer is a pedal that transform
recovery-effects-and-devices-ghost-writer	hardware	details	soft-breaks	single-newline breaks mixing block breaks and mid-sentence wraps	Please note that some components, such as knobs, may be subject to change based
recovery-effects-and-devices-larking	hardware	details	wall	a rendered paragraph runs 1795 characters (over 1500)	Larking is a 4 voice polyphonic ambient drone synthesizer that redefines what a
recovery-effects-and-devices-moonstruck	hardware	details	inline-list	a list flattened into a paragraph	- Clean reverb sound, in contrast to the psychedelic, overdriven reverb of the
recovery-effects-and-devices-motion-pictures	hardware	details	soft-breaks	single-newline breaks mixing block breaks and mid-sentence wraps	FAQ email Please note that some components, such as knobs, may be subject to cha
rivolta-mondata-cc-lh	hardware	details	wall	a rendered paragraph runs 2103 characters (over 1500)	The Mondata CC takes the core Mondata platform and reworks it into a more tradit
rivolta-mondata-cc	hardware	details	wall	a rendered paragraph runs 2103 characters (over 1500)	The Mondata CC takes the core Mondata platform and reworks it into a more tradit
rossum-electro-music-mob-of-emus	hardware	details	wall	a rendered paragraph runs 2083 characters (over 1500)	MOB OF EMUS is available from Rossum Electro-Music dealers worldwide. Mob of Emu
rossum-electro-music-morpheus	hardware	details	glyph-bullets	bullet glyphs inside a line: a list flattened into prose	o. MORPHEUS features include: • Over 280 14-pole filter configurations • Real-ti
rossum-electro-music-morpheus	hardware	details	wall	a rendered paragraph runs 1620 characters (over 1500)	With our MORPHEUS digital filter module, we’re finally able to unleash the full
rossum-electro-music-panharmonium	hardware	details	wall	a rendered paragraph runs 4717 characters (over 1500)	Rossum Electro-Music Software Architect Bob Bliss (who also, as it happens, fath
rossum-electro-music-panharmonium	hardware	details	inline-list	a list flattened into a paragraph	– The Slice parameter sets the rate at which the incoming audio is transformed
rossum-electro-music-sp-1200-40th-anniversary-edition-list	hardware	details	wall	a rendered paragraph runs 11170 characters (over 1500)	The SP-1200 40th Anniversary Edition is limited to 100 units worldwide. Limit 1
rossum-electro-music-sp-1200-40th-anniversary-edition	hardware	details	wall	a rendered paragraph runs 11371 characters (over 1500)	The SP-1200 40th Anniversary Edition is limited to 100 units worldwide. The SP-1
rossum-electro-music-sp-1200-e-a-ski-special-edition	hardware	details	wall	a rendered paragraph runs 11466 characters (over 1500)	The SP-1200 E-A-SKI Special Edition is sold out and is no longer available. The
rossum-electro-music-sp-1200	hardware	details	wall	a rendered paragraph runs 10795 characters (over 1500)	SP-1200 is sold out and no longer available. SP-1200 now ships with matching bla
rossum-electro-music-triton	hardware	details	wall	a rendered paragraph runs 3664 characters (over 1500)	The latest brainchild of synth pioneer Dave Rossum, TRITON is a 100% analog, tri
rossum-electro-music-triton	hardware	details	inline-list	a list flattened into a paragraph	– Frequency, Symmetry, Waveshape, Zing, and (in the case of Modulation Oscillat
roswell-pro-audio-cab-mic	hardware	details	wall	a rendered paragraph runs 3609 characters (over 1500)	Q: Is the Cab Mic compatible with Neural DSP hardware? The Quad Cortex and Quad
roswell-pro-audio-delphos-ii	hardware	details	soft-breaks	single-newline breaks mixing block breaks and mid-sentence wraps	The Delphos II is a premium studio condenser microphone, featuring unhyped and n
roswell-pro-audio-mini-k47-condenser-microphone	hardware	details	wall	a rendered paragraph runs 2855 characters (over 1500)	The most unique thing about the Mini K47 is its capsule: a true 34mm (large diap
roswell-pro-audio-mini-k87-condenser-microphone	hardware	details	wall	a rendered paragraph runs 2108 characters (over 1500)	We designed the Mini K87 to provide an all-purpose, do-anything microphone that
silvertone-1373-baritone	hardware	details	wall	a rendered paragraph runs 1620 characters (over 1500)	In 1958, Silvertone introduced the 1373 model 6-string bass tuned low E to E, on
silvertone-1373-hsf2	hardware	details	wall	a rendered paragraph runs 1620 characters (over 1500)	In 1958, Silvertone introduced the 1373 model 6-string bass tuned low E to E, on
silvertone-1373-pbl2	hardware	details	wall	a rendered paragraph runs 1620 characters (over 1500)	In 1958, Silvertone introduced the 1373 model 6-string bass tuned low E to E, on
silvertone-1446-vbk	hardware	details	wall	a rendered paragraph runs 1522 characters (over 1500)	Silvertone proudly reintroduces the iconic 1446 in Gloss Black - a legendary sem
silvertone-1449-hsf2	hardware	details	wall	a rendered paragraph runs 1660 characters (over 1500)	This version of the Silvertone Model 1449 features with significant performance
silvertone-1449-rsfb2	hardware	details	wall	a rendered paragraph runs 1660 characters (over 1500)	This version of the Silvertone Model 1449 features with significant performance
silvertone-1449	hardware	details	wall	a rendered paragraph runs 1660 characters (over 1500)	This version of the Silvertone Model 1449 features with significant performance
silvertone-852-hula	hardware	details	wall	a rendered paragraph runs 1569 characters (over 1500)	Available Soon! The Silvertone 852 Hula Soprano Ukulele brings vintage charm and
sontronics-dm-1b	hardware	details	wall	a rendered paragraph runs 1543 characters (over 1500)	The Sontronics DM-1B is a large-diaphragm condenser microphone originally design
soundcraft-compact-4-10	hardware	details	wall	a rendered paragraph runs 2132 characters (over 1500)	The Soundcraft COMPACT 4 mixer is perfectly suited to many applications requirin
soundcraft-compact-stagebox	hardware	details	wall	a rendered paragraph runs 2667 characters (over 1500)	The Compact Stagebox is an extension to the range of Soundcraft digital live sou
soundcraft-epm6	hardware	details	wall	a rendered paragraph runs 1619 characters (over 1500)	The emphasis with the Soundcraft EPM is very firmly on quality build and audio p
soundcraft-five-monitor	hardware	details	wall	a rendered paragraph runs 2381 characters (over 1500)	Series FIVE Monitor is a dedicated Monitor mixing console designed to meet the e
soundcraft-fx16ii	hardware	details	wall	a rendered paragraph runs 1540 characters (over 1500)	In 1997 Soundcraft launched the Spirit FX16 which immediately became popular wit
soundcraft-gb4	hardware	details	wall	a rendered paragraph runs 1868 characters (over 1500)	Featuring the GB30 Mic preamps and EQ, the GB4 is designed by Graham Blyth for t
soundcraft-gb8	hardware	details	wall	a rendered paragraph runs 2023 characters (over 1500)	Augmenting the already highly successful GB4 console range is the new GB8 8-bus
soundcraft-mfx	hardware	details	wall	a rendered paragraph runs 2031 characters (over 1500)	(MFX8, MFX12, MFX20) The MFX Series combines all the features of the popular Sou
soundcraft-mpm	hardware	details	glyph-bullets	bullet glyphs inside a line: a list flattened into prose	in a variety of applications: • 12 and 20 mono input channel versions • Quality
soundcraft-mpmi	hardware	details	wall	a rendered paragraph runs 1903 characters (over 1500)	Soundcraft's MPMi mixers are compact and ideally equipped for live sound applica
soundcraft-notepad-12fx	hardware	details	wall	a rendered paragraph runs 1527 characters (over 1500)	The Notepad-12FX 12-channel mixer makes it easy to get legendary Soundcraft soun
soundcraft-notepad-8fx	hardware	details	wall	a rendered paragraph runs 1513 characters (over 1500)	The Notepad-8FX 8-channel mixer makes it easy to get legendary Soundcraft sound
soundcraft-realtime-rack	hardware	details	glyph-bullets	bullet glyphs inside a line: a list flattened into prose	g-ins available): including - • 1176 Classic Limiter Collection • 1176LN Legacy
soundcraft-realtime-rack	hardware	details	wall	a rendered paragraph runs 6288 characters (over 1500)	The result of a unique collaboration between live sound mixing experts Soundcraf
soundcraft-si-compact-24	hardware	details	wall	a rendered paragraph runs 2422 characters (over 1500)	Drawing on the heritage of Soundcraft's acclaimed Si Series digital live sound m
soundcraft-si-compact-32	hardware	details	wall	a rendered paragraph runs 2422 characters (over 1500)	Drawing on the heritage of Soundcraft's acclaimed Si Series digital live sound m
soundcraft-si-expression-1	hardware	details	wall	a rendered paragraph runs 3677 characters (over 1500)	Drawing on more than a decade of experience in the field of digital audio mixing
soundcraft-si-expression-2	hardware	details	wall	a rendered paragraph runs 3677 characters (over 1500)	Drawing on more than a decade of experience in the field of digital audio mixing
soundcraft-si-expression-3	hardware	details	wall	a rendered paragraph runs 3677 characters (over 1500)	Drawing on more than a decade of experience in the field of digital audio mixing
soundcraft-si-performer-1	hardware	details	wall	a rendered paragraph runs 4483 characters (over 1500)	Drawing on the combined heritage of legendary Soundcraft quality and the powerfu
soundcraft-si-performer-2	hardware	details	wall	a rendered paragraph runs 4483 characters (over 1500)	Drawing on the combined heritage of legendary Soundcraft quality and the powerfu
soundcraft-si-performer-3	hardware	details	wall	a rendered paragraph runs 4483 characters (over 1500)	Drawing on the combined heritage of legendary Soundcraft quality and the powerfu
soundcraft-si3	hardware	details	wall	a rendered paragraph runs 2145 characters (over 1500)	The Soundcraft Si3 is designed for live use on both touring sound systems and in
soundcraft-spirit-fx-16	hardware	details	wall	a rendered paragraph runs 2284 characters (over 1500)	The FX16 offers a combination of powerful live and recording features, with enou
soundcraft-spirit-fx8	hardware	details	wall	a rendered paragraph runs 1858 characters (over 1500)	FX8 is a flexible 4-bus mixer capable of producing Digital sound quality for bot
soundcraft-spirit-powerstation	hardware	details	wall	a rendered paragraph runs 1605 characters (over 1500)	SPIRIT POWERSTATION is the basis of a complete sound system, combining a high qu
soundcraft-vi2	hardware	details	wall	a rendered paragraph runs 1963 characters (over 1500)	Soundcraft now offers a Vi Series control surface for applications where space i
soundcraft-vi3000	hardware	details	wall	a rendered paragraph runs 1634 characters (over 1500)	The Soundcraft Vi3000 features an all-new appearance with a more efficiently des
spector-euro-lx-bolt-on-4-string	hardware	details	wall	a rendered paragraph runs 1652 characters (over 1500)	The Euro LX offers all the features that have made the Spector name famous aroun
spector-euro-lx-bolt-on-5-string	hardware	details	wall	a rendered paragraph runs 1652 characters (over 1500)	The Euro LX offers all the features that have made the Spector name famous aroun
spector-euro-lx-neck-thru-5-string	hardware	details	wall	a rendered paragraph runs 1652 characters (over 1500)	The Euro LX offers all the features that have made the Spector name famous aroun
spector-euro-lx-neck-thru-6-string	hardware	details	wall	a rendered paragraph runs 1652 characters (over 1500)	The Euro LX offers all the features that have made the Spector name famous aroun
spector-nc-4-frank-bello	hardware	details	wall	a rendered paragraph runs 1722 characters (over 1500)	NC-4 Frank Bello – A bold new design from two of New York's biggest bass icons.
stoel-music-systems-balanced-xlr-out	hardware	details	wall	a rendered paragraph runs 2215 characters (over 1500)	Low-quality direct boxes tend to distort easily and lack bass response because t
stoel-music-systems-dual-morphing-lfo	hardware	details	wall	a rendered paragraph runs 1932 characters (over 1500)	The Stoel Music Systems Dual Morphing LFO features a pair of multi-waveform volt
stoel-music-systems-mini-speaker	hardware	details	wall	a rendered paragraph runs 1822 characters (over 1500)	Enjoy your Eurorack system anywhere without hooking up speakers or using headpho
stoel-music-systems-spring-reverb	hardware	details	wall	a rendered paragraph runs 1796 characters (over 1500)	The Stoel Music Systems Spring Reverb is a flexible spring reverb module with ex
stoel-music-systems-standard-vco	hardware	details	wall	a rendered paragraph runs 1564 characters (over 1500)	The Stoel Music Systems Standard VCO is a versatile oscillator with a variety of
stoel-music-systems-vacuum-tube-ring-mod	hardware	details	wall	a rendered paragraph runs 1821 characters (over 1500)	Ring modulation takes two inputs and multiples them by each other. The original
syntonie-courbes-triple-expo-log-shaper	hardware	details	wall	a rendered paragraph runs 1628 characters (over 1500)	Courbes (french for curves) is a triple exponential and logarithmic shaper with
syntonie-d-tail-softener-enhancer-standalone	hardware	details	soft-breaks	single-newline breaks mixing block breaks and mid-sentence wraps	288p50 240p59.94 576i50 (PAL) 480i59.94 (NTSC) 576p50 480p59.94 720p50 720p59.94
syntonie-d-tail-softener-enhancer	hardware	details	soft-breaks	single-newline breaks mixing block breaks and mid-sentence wraps	288p50 240p59.94 576i50 (PAL) 480i59.94 (NTSC) 576p50 480p59.94 720p50 720p59.94
syntonie-stable-2	hardware	details	wall	a rendered paragraph runs 2019 characters (over 1500)	Composite video glitch processors can create very distinct effects, mainly becau
syntonie-stable	hardware	details	wall	a rendered paragraph runs 2019 characters (over 1500)	Composite video glitch processors can create very distinct effects, mainly becau
tc-electronic-flashback-2-x4-delay	hardware	details	wall	a rendered paragraph runs 1688 characters (over 1500)	The TC Electronic Flashback 2 X4 Delay takes the most celebrated delay pedal of
tc-electronic-plethora-x5	hardware	details	glyph-bullets	bullet glyphs inside a line: a list flattened into prose	What is Plethora X5? • Create a bunch of BOARDS • Populate them with any of the
walrus-audio-385-overdrive-mkii	hardware	details	wall	a rendered paragraph runs 1707 characters (over 1500)	Inspired by the rich tones of the Bell and Howell Filmosound 385 projector, the
walrus-audio-arp-87-multi-function-delay	hardware	details	wall	a rendered paragraph runs 2115 characters (over 1500)	The ARP-87 is a compact, feature-rich delay, packed with a large pallet of inspi
walrus-audio-badwater-bass-pre-amp-and-d-i	hardware	details	wall	a rendered paragraph runs 2377 characters (over 1500)	The Badwater is a bass tone magnification device sonically highlighting what mak
walrus-audio-canvas-expression-pedal	hardware	details	wall	a rendered paragraph runs 3871 characters (over 1500)	One Expression pedal shouldn’t limit what you can control. Canvas Expression rei
walrus-audio-canvas-line-isolator-d-i	hardware	details	wall	a rendered paragraph runs 2269 characters (over 1500)	You are the artist. Your sound is the paint, and this is your canvas. The Canvas
walrus-audio-canvas-nano-line-isolator	hardware	details	wall	a rendered paragraph runs 1705 characters (over 1500)	You are the artist. Your sound is the paint, and this is your canvas. The Canvas
walrus-audio-canvas-passive-re-amp	hardware	details	inline-list	a list flattened into a paragraph	1. From your DAW, audio track goes into the Canvas Re-Amp. 2. Out from Re-Amp i
walrus-audio-canvas-stereo-dual-line-isolator-d-i	hardware	details	wall	a rendered paragraph runs 2310 characters (over 1500)	You are the artist. Your sound is the paint, and this is your canvas. The Canvas
walrus-audio-canvas-tuner	hardware	details	wall	a rendered paragraph runs 3098 characters (over 1500)	Arguably the most important pedal on your board, the Canvas Tuner ensures that y
walrus-audio-canvas-tuner	hardware	details	inline-list	a list flattened into a paragraph	-Upload up to 12 photos to choose from on your standby screen. -Multiple tuning
walrus-audio-canvas-volume-pedal	hardware	details	wall	a rendered paragraph runs 3812 characters (over 1500)	The Canvas Volume Pedal is designed to give players unprecedented control, relia
walrus-audio-deep-six-compressor-v3	hardware	details	glyph-bullets	bullet glyphs inside a line: a list flattened into prose	tes to the V3 are as follows: • Added Tone knob (bass cut) for the ability to sh
walrus-audio-dfx-1-percussion-processing-unit	hardware	details	wall	a rendered paragraph runs 2936 characters (over 1500)	The DFX-1 is a multi-effect processing unit designed in collaboration with Aaron
walrus-audio-eb-10-preamp-eq-boost	hardware	details	wall	a rendered paragraph runs 1569 characters (over 1500)	A tone tweakers delight, the EB-10 works as a preamp, EQ and boost with three av
walrus-audio-eons-five-state-fuzz	hardware	details	wall	a rendered paragraph runs 1653 characters (over 1500)	For Eons, man has thought the sound of thunder to be from the heavens above, ech
walrus-audio-fathom-multi-function-reverb	hardware	details	inline-list	a list flattened into a paragraph	- Wide, open and vast with decay that ends with high-frequency rolloff. X knob
walrus-audio-fundamental-phaser	hardware	details	inline-list	a list flattened into a paragraph	– The slide switch allows you to change between three distinct flavors of the p
walrus-audio-fundamental-reverb	hardware	details	wall	a rendered paragraph runs 2077 characters (over 1500)	For the Fundamental Series, we challenged ourselves to design a set of pedals wi
walrus-audio-fundamental-reverb	hardware	details	inline-list	a list flattened into a paragraph	– The slide switch allows you to change between three distinct Reverb algorithm
walrus-audio-fundamental-series-ambient	hardware	details	wall	a rendered paragraph runs 2407 characters (over 1500)	For the Fundamental Series, we challenged ourselves to design a set of pedals wi
walrus-audio-fundamental-series-chorus	hardware	details	wall	a rendered paragraph runs 1677 characters (over 1500)	For the Fundamental Series, we challenged ourselves to design a set of pedals wi
walrus-audio-fundamental-series-chorus	hardware	details	inline-list	a list flattened into a paragraph	– The slide switch allows you to change between three different flavors of the
walrus-audio-fundamental-series-delay	hardware	details	wall	a rendered paragraph runs 2703 characters (over 1500)	For the Fundamental Series, we challenged ourselves to design a set of pedals wi
walrus-audio-fundamental-series-delay	hardware	details	inline-list	a list flattened into a paragraph	– The slide switch allows you to change between three distinct Delay algorithms
walrus-audio-fundamental-series-distortion	hardware	details	wall	a rendered paragraph runs 1536 characters (over 1500)	For the Fundamental Series, we challenged ourselves to design a set of pedals wi
walrus-audio-fundamental-series-distortion	hardware	details	inline-list	a list flattened into a paragraph	– The Gain slider sets the amount of gain applied to your guitar signal passing
walrus-audio-fundamental-series-drive	hardware	details	inline-list	a list flattened into a paragraph	– The Gain slider sets the amount of gain applied to your guitar signal passing
walrus-audio-fundamental-series-fuzz	hardware	details	wall	a rendered paragraph runs 1687 characters (over 1500)	For the Fundamental Series, we challenged ourselves to design a set of pedals wi
walrus-audio-fundamental-series-fuzz	hardware	details	inline-list	a list flattened into a paragraph	– The Gain slider sets the amount of gain applied to your guitar signal passing
walrus-audio-fundamental-tremolo	hardware	details	wall	a rendered paragraph runs 1625 characters (over 1500)	For the Fundamental Series, we challenged ourselves to design a set of pedals wi
walrus-audio-fundamental-tremolo	hardware	details	inline-list	a list flattened into a paragraph	– The Rate slider sets how fast or slow the LFO is oscillating. A lower rate gi
walrus-audio-highpoint-analog-optical-compressor	hardware	details	wall	a rendered paragraph runs 2484 characters (over 1500)	Sculpt your sound with uncompromising precision using the Highpoint Analog Optic
walrus-audio-julia-analog-chorus-vibrato-v2	hardware	details	wall	a rendered paragraph runs 1581 characters (over 1500)	The Julia is a fully analog, feature-rich chorus/vibrato packed with a wide arra
walrus-audio-julianna-deluxe-chorus-vibrato	hardware	details	glyph-bullets	bullet glyphs inside a line: a list flattened into prose	t adds these deluxe features: • Tap Tempo Control: Set the rate of the LFO with
walrus-audio-julianna-deluxe-chorus-vibrato	hardware	details	wall	a rendered paragraph runs 2514 characters (over 1500)	Building off of the lush, tonal landscapes that the Julia Analog Chorus/Vibrato
walrus-audio-jupiter-multi-clip-fuzz-v2	hardware	details	glyph-bullets	bullet glyphs inside a line: a list flattened into prose	to any player's signal chain. • Increase of gain on tap. • Adjusted volume contr
walrus-audio-kangra-filter-fuzz	hardware	details	wall	a rendered paragraph runs 1904 characters (over 1500)	The Walrus Audio Floral Series has once again sprouted up from our pedal garden.
walrus-audio-lillian-multi-stage-analog-phaser	hardware	details	wall	a rendered paragraph runs 1689 characters (over 1500)	Strap into the co-pilot seat and join Lillian on a sonic journey. Leaving nothin
walrus-audio-lum-texture-engine	hardware	details	inline-list	a list flattened into a paragraph	- Lüm allows you to automate any one of the five knobs by holding the Moment sw
walrus-audio-mako-series-acs1-amp-cab-simulator	hardware	details	wall	a rendered paragraph runs 1542 characters (over 1500)	The ACS1 is an amplifier and speaker cab simulator delivering the sound and feel
walrus-audio-mako-series-d1-high-fidelity-delay	hardware	details	glyph-bullets	bullet glyphs inside a line: a list flattened into prose	with the following upgrades: • Added stereo width control giving the D1 two dif
walrus-audio-mako-series-d1-high-fidelity-delay	hardware	details	wall	a rendered paragraph runs 1599 characters (over 1500)	The D1 is a powerful multi-function delay with five studio-grade, high-fidelity,
walrus-audio-mako-series-m1-high-fidelity-modulation-machine	hardware	details	inline-list	a list flattened into a paragraph	– Type I traditional chorus, Type II offset second chorus, Type III classic tri
walrus-audio-mako-series-r1-high-fidelity-stereo-reverb	hardware	details	glyph-bullets	bullet glyphs inside a line: a list flattened into prose	ng style with the Tweak knob. • Rate: Controls the rate of the LFO applied to th
walrus-audio-mako-series-r1-high-fidelity-stereo-reverb	hardware	details	wall	a rendered paragraph runs 4446 characters (over 1500)	The R1 is an extremely powerful and versatile multi-function reverb that can qui
walrus-audio-mako-series-r1-high-fidelity-stereo-reverb	hardware	details	inline-list	a list flattened into a paragraph	- Spring, Hall, Plate, BFR, RFRCT (Refract), and Air. Every program can be tune
walrus-audio-mantle-analog-bass-preamp-d-i	hardware	details	wall	a rendered paragraph runs 4491 characters (over 1500)	The Mantle is a premium preamp and DI for electric bass, created in close collab
walrus-audio-melee-wall-of-noise	hardware	details	glyph-bullets	bullet glyphs inside a line: a list flattened into prose	ont and after the distortion! • Ambient Reverb (Pink LED) - Huge reverb capable
walrus-audio-melee-wall-of-noise	hardware	details	wall	a rendered paragraph runs 2448 characters (over 1500)	We give you the two most quintessential effects that yield unruly amounts of pow
walrus-audio-melee-wall-of-noise	hardware	details	inline-list	a list flattened into a paragraph	- Huge reverb capable of massive trails and engulfing your chords into an angry
walrus-audio-meraki-stereo-analog-dual-delay	hardware	details	wall	a rendered paragraph runs 2694 characters (over 1500)	The Meraki stereo analog delay uses eight MN3005 bucket brigade chips to create
walrus-audio-mira-optical-compressor	hardware	details	wall	a rendered paragraph runs 1612 characters (over 1500)	Look! Come and see the Mira's capabilities. In the Spanish language, Mira is a c
walrus-audio-monument-harmonic-tap-tremolo-v2	hardware	details	glyph-bullets	bullet glyphs inside a line: a list flattened into prose	ges to the V2 are as follows: • Converted to smaller enclosure • Expanded capabi
walrus-audio-monument-harmonic-tap-tremolo-v2	hardware	details	wall	a rendered paragraph runs 1963 characters (over 1500)	The Monument returns in a smaller form factor with new features, like assignable
walrus-audio-monumental-harmonic-stereo-tremolo	hardware	details	glyph-bullets	bullet glyphs inside a line: a list flattened into prose	d left channels. New Features • True Stereo Input/Output • The ability to save a
walrus-audio-monumental-harmonic-stereo-tremolo	hardware	details	wall	a rendered paragraph runs 3508 characters (over 1500)	Building off the rich, warm, pulsating modulation of the Monument, the Monumenta
walrus-audio-qi-etherealizer	hardware	details	glyph-bullets	bullet glyphs inside a line: a list flattened into prose	grain samples are projected. • x1: Normal • x2: Double-speed and +1 octave • x.
walrus-audio-qi-etherealizer	hardware	details	wall	a rendered paragraph runs 6043 characters (over 1500)	The Qi Etherealizer (pronounced “chee ethereal-izer”), a collaborative creation
walrus-audio-silt-harmonic-fuzz	hardware	details	wall	a rendered paragraph runs 2056 characters (over 1500)	Unearth the Walrus Audio Silt Harmonic Fuzz, a collaborative creation with tube
walrus-audio-slo-multi-texture-reverb	hardware	details	wall	a rendered paragraph runs 2671 characters (over 1500)	The Slö Multi Texture Reverb allows players to create lush, modulated, sleepy an
walrus-audio-slo-multi-texture-reverb	hardware	details	inline-list	a list flattened into a paragraph	– Add a lower octave to your reverb trail. Here you'll create deep and wide atm
walrus-audio-sloer-stereo-ambient-reverb	hardware	details	wall	a rendered paragraph runs 4017 characters (over 1500)	The Sl öer Stereo Ambient Reverb builds on our popular Sl ö lineup but adds two
walrus-audio-sloer-stereo-ambient-reverb	hardware	details	inline-list	a list flattened into a paragraph	– Add a lower octave to your reverb trail. Here you'll create deep and wide atm
walrus-audio-slotva-multi-texture-reverb	hardware	details	wall	a rendered paragraph runs 3250 characters (over 1500)	The Slötvå Multi Texture Reverb is a variant of the Slö but adds on the ability
walrus-audio-slotva-multi-texture-reverb	hardware	details	inline-list	a list flattened into a paragraph	– Add a lower octave to your reverb trail. Here you'll create deep and wide atm
walrus-audio-voyager-preamp-overdrive-mkii	hardware	details	wall	a rendered paragraph runs 1537 characters (over 1500)	The Voyager MKII is a mid-focused overdrive/preamp that contains all the mythica
walrus-audio-xero-polylooper	hardware	details	glyph-bullets	bullet glyphs inside a line: a list flattened into prose	rnal Dual Stomp Compatibility • Breakout and expand stomp controls and add quick
walrus-audio-xero-polylooper	hardware	details	wall	a rendered paragraph runs 1991 characters (over 1500)	*This item is out of stock - Check with your local dealer!* The Xero Polylooper
wmd-clutch	hardware	details	soft-breaks	single-newline breaks mixing block breaks and mid-sentence wraps	CHOKE – Stops sound at the output with a quick envelope. - PITCH A - CV sums wit
wmd-clutch	hardware	details	wall	a rendered paragraph runs 1589 characters (over 1500)	The long-awaited Clutch module is a dual sample player built specifically for cr
wmd-cosmic-debris	hardware	details	wall	a rendered paragraph runs 2416 characters (over 1500)	Cosmic Debris began as a design by Nick Donaldson of Infrasonic Audio, a fellow
wmd-crater	hardware	details	wall	a rendered paragraph runs 1912 characters (over 1500)	Best of both worlds, Crater is an analog/digital hybrid bass drum that plays as
wmd-geiger-counter-civilian-issue-gcci	hardware	details	inline-list	a list flattened into a paragraph	- Like all WMD pedals, the GCCI (Geiger Counter Civilian Issue) is handwired an
wmd-geiger-counter-eurorack	hardware	details	wall	a rendered paragraph runs 3778 characters (over 1500)	Gain - Low settings provide clean tones with no distortion at all, while high se
wmd-geiger-counter-eurorack	hardware	details	inline-list	a list flattened into a paragraph	- Low settings provide clean tones with no distortion at all, while high settin
wmd-geiger-counter	hardware	details	wall	a rendered paragraph runs 5182 characters (over 1500)	The Geiger Counter may seem overwhelming, but once broken down, the controls are
wmd-geiger-counter	hardware	details	inline-list	a list flattened into a paragraph	- Low settings provide clean tones with no distortion at all, while high settin
wmd-javelin	hardware	details	wall	a rendered paragraph runs 2377 characters (over 1500)	Javelin is the envelope we at WMD have always needed to make. We took the best p
wmd-kraken	hardware	details	wall	a rendered paragraph runs 2333 characters (over 1500)	"We're in an Octopus' Garden". Kraken is a physical modeling snare drum module f
wmd-legion	hardware	details	wall	a rendered paragraph runs 3439 characters (over 1500)	A legion of waveforms awaits. Endless possibilities ahead. Legion is a new breed
wmd-metron	hardware	details	wall	a rendered paragraph runs 1907 characters (over 1500)	Metron is a 16-channel trigger and gate sequencer designed around one idea: live
wmd-osd-or-sum-dif	hardware	details	inline-list	a list flattened into a paragraph	- Combine v/Oct sequences with precision summing, or enable the precision OR ci
wmd-performance-mixer-mkii	hardware	details	wall	a rendered paragraph runs 2037 characters (over 1500)	Enter the WMD Performance Mixer MKII - Nine years after the MKI was released, th
wmd-performance-mixer-mkii	hardware	details	inline-list	a list flattened into a paragraph	- Routing is only to master mix, BLUE - Routing is to both master and bus mixes
wmd-protostar	hardware	details	soft-breaks	single-newline breaks mixing block breaks and mid-sentence wraps	Attack - How fast the envelope will react to the incoming signal. Controls both
wmd-protostar	hardware	details	wall	a rendered paragraph runs 1727 characters (over 1500)	Attack - How fast the envelope will react to the incoming signal. Controls both
wmd-protostar	hardware	details	inline-list	a list flattened into a paragraph	- How fast the envelope will react to the incoming signal. Controls both attack
wmd-quad-anti-aliasing-filter-qaaf	hardware	details	inline-list	a list flattened into a paragraph	- This input is roughly calibrated to 1v/octave. It drives a vactrol that will
wmd-skorpion-waveform-reanimator	hardware	details	wall	a rendered paragraph runs 2643 characters (over 1500)	The SHAPE and SLOPE controls allow for smoother or harsher added harmonics, and
xoxo-modular-midixo-trs-midi-utility	hardware	details	wall	a rendered paragraph runs 1725 characters (over 1500)	MIDIXO is a TRS MIDI Swiss Army Knife for your Eurorack synth. It's a simple, fu
york-modular-adsr-exponential-envelope-generator-with-range-switch-4hp-updated-design	hardware	details	wall	a rendered paragraph runs 1685 characters (over 1500)	An updated version of the ADSR envelope generator module - functionally the same
york-modular-dvdr-power-of-two-clock-divider-4hp	hardware	details	wall	a rendered paragraph runs 1552 characters (over 1500)	An updated version of old DIV2 divider module - functionally the same as its pre
neunaber-big-beat-optigan-disc	content	details	soft-breaks	single-newline breaks mixing block breaks and mid-sentence wraps	SFX: 1 - Drums 01 2 - Drums 02 3 - Drums 03 4 - Bongos 5 - Cowbell
neunaber-big-beat-optigan-disc	content	details	inline-list	a list flattened into a paragraph	- Drums 01 2 - Drums 02 3 - Drums 03 4 - Bongos 5 - Cowbell
neunaber-country-folk-in-6-8	content	details	inline-list	a list flattened into a paragraph	- Drums 1 2 - Drums 2 3 - Drums 3 4 - Ride Cymbal 5 - Shaker Edited and mastere
neunaber-fuzz-rock	content	details	inline-list	a list flattened into a paragraph	- Riff 1 2 - Riff 2 3 - Riff 3 4 - Drums 1 5 - Drums 2 Lead Guitar by Peter Mel
neunaber-modern-producer-preset-bank-for-illumine	content	details	soft-breaks	single-newline breaks mixing block breaks and mid-sentence wraps	Name Type Size/Time Description
neunaber-vibrascape	content	details	inline-list	a list flattened into a paragraph	1. Samba, 2. Rumba, 3. Bossa Nova, 4. Bolero, 5. Go-Go. LEFT HAND: Bowed Vibrap
neunaber-violascape	content	details	soft-breaks	single-newline breaks mixing block breaks and mid-sentence wraps	SFX: 1 - Bowed Viola Bb 5th 2 - Bowed Viola Eb 5th 3 - Bowed Viola Ab 5th 4 - Bo
neunaber-violascape	content	details	inline-list	a list flattened into a paragraph	- Bowed Viola Bb 5th 2 - Bowed Viola Eb 5th 3 - Bowed Viola Ab 5th 4 - Bowed Vi
soundpaint-forgotten-voices-cait	content	details	wall	a rendered paragraph runs 1557 characters (over 1500)	Cait McWhir, originally hailing from Ireland, brings a rich tapestry of vocal ar
soundpaint-majestic-series	content	details	wall	a rendered paragraph runs 1633 characters (over 1500)	We recorded the largest symphony orchestra ever: 240 Players. Comprised of 100 s
synthmania-alesis-andromeda-library-for-ni-kontakt	content	details	inline-list	a list flattened into a paragraph	1. First open the folder part1. 2. Now place the other zip-file (part2) into th
audix-microphones-aps910	accessories	details	soft-breaks	single-newline breaks mixing block breaks and mid-sentence wraps	COMPATIBILITY The APS910 phantom power adapter is also compatible with the follo
carvin-comp25t-8-high-frequency-driver-assembly	accessories	details	soft-breaks	single-newline breaks mixing block breaks and mid-sentence wraps	MB10 MB12 MB15 MB210
carvin-dh-ht151-16-replacement-diaphragm	accessories	details	soft-breaks	single-newline breaks mixing block breaks and mid-sentence wraps	BR115 (4ohm/8ohm) BR210 (4ohm/8ohm) BR410 (4ohm/8ohm) BR410N BR510N BR515N BRx10
carvin-ps15-8	accessories	details	soft-breaks	single-newline breaks mixing block breaks and mid-sentence wraps	MB Bass Series 115MBE MB15 BR Bass Series BR115-8 BR515 Pro Audio Series LS1501
cubusynth-eurorack-power-bus-board	accessories	details	soft-breaks	single-newline breaks mixing block breaks and mid-sentence wraps	The CubuSynth bus board is used to distribute the voltages of your power supply
cubusynth-eurorack-prototype-pcbs-and-aluminium-panels	accessories	details	soft-breaks	single-newline breaks mixing block breaks and mid-sentence wraps	Connectors: VCC + : +12V from Eurorack Power VEE - : -12V from Eurorack Power V2
dean-markley-blue-steel-bass-strings-custom-light-4-string-46-102	accessories	details	wall	a rendered paragraph runs 3045 characters (over 1500)	CRYOGENIC ACTIVATED Whether you live for a thundering thump, a rhythmic slap or
dean-markley-blue-steel-bass-strings-extra-light-4-string-40-95	accessories	details	wall	a rendered paragraph runs 3045 characters (over 1500)	CRYOGENIC ACTIVATED Whether you live for a thundering thump, a rhythmic slap or
dean-markley-blue-steel-bass-strings-extra-medium-4-string-50-110	accessories	details	wall	a rendered paragraph runs 3045 characters (over 1500)	CRYOGENIC ACTIVATED Whether you live for a thundering thump, a rhythmic slap or
dean-markley-blue-steel-bass-strings-light-4-string-45-100	accessories	details	wall	a rendered paragraph runs 3045 characters (over 1500)	CRYOGENIC ACTIVATED Whether you live for a thundering thump, a rhythmic slap or
dean-markley-blue-steel-bass-strings-light-5-string-45-125	accessories	details	wall	a rendered paragraph runs 3045 characters (over 1500)	CRYOGENIC ACTIVATED Whether you live for a thundering thump, a rhythmic slap or
dean-markley-blue-steel-bass-strings-medium-4-string-50-105	accessories	details	wall	a rendered paragraph runs 3045 characters (over 1500)	CRYOGENIC ACTIVATED Whether you live for a thundering thump, a rhythmic slap or
dean-markley-blue-steel-bass-strings-medium-5-string-50-128	accessories	details	wall	a rendered paragraph runs 3045 characters (over 1500)	CRYOGENIC ACTIVATED Whether you live for a thundering thump, a rhythmic slap or
dean-markley-blue-steel-bass-strings-medium-light-4-string-45-105	accessories	details	wall	a rendered paragraph runs 3045 characters (over 1500)	CRYOGENIC ACTIVATED Whether you live for a thundering thump, a rhythmic slap or
dean-markley-blue-steel-bass-strings-medium-light-5-string-45-128	accessories	details	wall	a rendered paragraph runs 3045 characters (over 1500)	CRYOGENIC ACTIVATED Whether you live for a thundering thump, a rhythmic slap or
dean-markley-blue-steel-bass-strings	accessories	details	wall	a rendered paragraph runs 3045 characters (over 1500)	CRYOGENIC ACTIVATED Whether you live for a thundering thump, a rhythmic slap or
dean-markley-blue-steel-electric-guitar-strings-custom-light-6-string-9-46	accessories	details	inline-list	a list flattened into a paragraph	- Amazing Tone - Effortless Feel - High Output - Great Sustain Cryogenically tr
dean-markley-blue-steel-electric-guitar-strings-custom-light-7-string-9-56	accessories	details	inline-list	a list flattened into a paragraph	- Amazing Tone - Effortless Feel - High Output - Great Sustain Cryogenically tr
dean-markley-blue-steel-electric-guitar-strings-drop-tune-6-string-13-56	accessories	details	inline-list	a list flattened into a paragraph	- Amazing Tone - Effortless Feel - High Output - Great Sustain Cryogenically tr
dean-markley-blue-steel-electric-guitar-strings-extra-light-6-string-8-38	accessories	details	inline-list	a list flattened into a paragraph	- Amazing Tone - Effortless Feel - High Output - Great Sustain Cryogenically tr
dean-markley-blue-steel-electric-guitar-strings-jazz-6-string-12-54	accessories	details	inline-list	a list flattened into a paragraph	- Amazing Tone - Effortless Feel - High Output - Great Sustain Cryogenically tr
dean-markley-blue-steel-electric-guitar-strings-light-6-string-9-42	accessories	details	inline-list	a list flattened into a paragraph	- Amazing Tone - Effortless Feel - High Output - Great Sustain Cryogenically tr
dean-markley-blue-steel-electric-guitar-strings-light-7-string-9-54	accessories	details	inline-list	a list flattened into a paragraph	- Amazing Tone - Effortless Feel - High Output - Great Sustain Cryogenically tr
dean-markley-blue-steel-electric-guitar-strings-light-top-heavy-bottom-6-string-10-52	accessories	details	inline-list	a list flattened into a paragraph	- Amazing Tone - Effortless Feel - High Output - Great Sustain Cryogenically tr
dean-markley-blue-steel-electric-guitar-strings-light-top-heavy-bottom-7-string-10-60	accessories	details	inline-list	a list flattened into a paragraph	- Amazing Tone - Effortless Feel - High Output - Great Sustain Cryogenically tr
dean-markley-blue-steel-electric-guitar-strings-medium-6-string-11-52	accessories	details	inline-list	a list flattened into a paragraph	- Amazing Tone - Effortless Feel - High Output - Great Sustain Cryogenically tr
dean-markley-blue-steel-electric-guitar-strings-medium-7-string-11-60	accessories	details	inline-list	a list flattened into a paragraph	- Amazing Tone - Effortless Feel - High Output - Great Sustain Cryogenically tr
dean-markley-blue-steel-electric-guitar-strings-regular-6-string-10-46	accessories	details	inline-list	a list flattened into a paragraph	- Amazing Tone - Effortless Feel - High Output - Great Sustain Cryogenically tr
dean-markley-blue-steel-electric-guitar-strings-regular-7-string-10-56	accessories	details	inline-list	a list flattened into a paragraph	- Amazing Tone - Effortless Feel - High Output - Great Sustain Cryogenically tr
dean-markley-blue-steel-electric-guitar-strings	accessories	details	inline-list	a list flattened into a paragraph	- Amazing Tone - Effortless Feel - High Output - Great Sustain Cryogenically tr
dean-markley-blue-steel-nickel-plated-bass-strings-nps-custom-light-4-string-46-102	accessories	details	wall	a rendered paragraph runs 3045 characters (over 1500)	CRYOGENIC ACTIVATED Whether you live for a thundering thump, a rhythmic slap or
dean-markley-blue-steel-nickel-plated-bass-strings-nps-extra-light-4-string-40-95	accessories	details	wall	a rendered paragraph runs 3045 characters (over 1500)	CRYOGENIC ACTIVATED Whether you live for a thundering thump, a rhythmic slap or
dean-markley-blue-steel-nps-bass-strings-extra-medium-4-string-50-110	accessories	details	wall	a rendered paragraph runs 3045 characters (over 1500)	CRYOGENIC ACTIVATED Whether you live for a thundering thump, a rhythmic slap or
dean-markley-blue-steel-nps-bass-strings-light-4-string-45-100	accessories	details	wall	a rendered paragraph runs 3045 characters (over 1500)	CRYOGENIC ACTIVATED Whether you live for a thundering thump, a rhythmic slap or
dean-markley-blue-steel-nps-bass-strings-light-5-string-45-125	accessories	details	wall	a rendered paragraph runs 3045 characters (over 1500)	CRYOGENIC ACTIVATED Whether you live for a thundering thump, a rhythmic slap or
dean-markley-blue-steel-nps-bass-strings-medium-4-string-50-105	accessories	details	wall	a rendered paragraph runs 3045 characters (over 1500)	CRYOGENIC ACTIVATED Whether you live for a thundering thump, a rhythmic slap or
dean-markley-blue-steel-nps-bass-strings-medium-5-string-50-128	accessories	details	wall	a rendered paragraph runs 3045 characters (over 1500)	CRYOGENIC ACTIVATED Whether you live for a thundering thump, a rhythmic slap or
dean-markley-blue-steel-nps-bass-strings-medium-light-4-string-45-105	accessories	details	wall	a rendered paragraph runs 3045 characters (over 1500)	CRYOGENIC ACTIVATED Whether you live for a thundering thump, a rhythmic slap or
dean-markley-blue-steel-nps-bass-strings-medium-light-5-string-45-128	accessories	details	wall	a rendered paragraph runs 3045 characters (over 1500)	CRYOGENIC ACTIVATED Whether you live for a thundering thump, a rhythmic slap or
dean-markley-blue-steel-nps-bass-strings	accessories	details	wall	a rendered paragraph runs 3045 characters (over 1500)	CRYOGENIC ACTIVATED Whether you live for a thundering thump, a rhythmic slap or
dean-markley-sr2000-bass-strings-light-4-string-44-98	accessories	details	wall	a rendered paragraph runs 3209 characters (over 1500)	Want big, meaty bass that roars and feels like a smooth running machine? Try our
dean-markley-sr2000-bass-strings-light-5-string-44-125	accessories	details	wall	a rendered paragraph runs 3209 characters (over 1500)	Want big, meaty bass that roars and feels like a smooth running machine? Try our
dean-markley-sr2000-bass-strings-light-6-string-30-125	accessories	details	wall	a rendered paragraph runs 3209 characters (over 1500)	Want big, meaty bass that roars and feels like a smooth running machine? Try our
dean-markley-sr2000-bass-strings-medium-4-string-48-106	accessories	details	wall	a rendered paragraph runs 3209 characters (over 1500)	Want big, meaty bass that roars and feels like a smooth running machine? Try our
dean-markley-sr2000-bass-strings-medium-5-string-48-128	accessories	details	wall	a rendered paragraph runs 3209 characters (over 1500)	Want big, meaty bass that roars and feels like a smooth running machine? Try our
dean-markley-sr2000-bass-strings-medium-6-string-35-128	accessories	details	wall	a rendered paragraph runs 3209 characters (over 1500)	Want big, meaty bass that roars and feels like a smooth running machine? Try our
dean-markley-sr2000-bass-strings-medium-custom-4-string-47-107	accessories	details	wall	a rendered paragraph runs 3209 characters (over 1500)	Want big, meaty bass that roars and feels like a smooth running machine? Try our
dean-markley-sr2000-bass-strings-medium-custom-5-string-47-127	accessories	details	wall	a rendered paragraph runs 3209 characters (over 1500)	Want big, meaty bass that roars and feels like a smooth running machine? Try our
dean-markley-sr2000-bass-strings-medium-custom-7-string-22-127	accessories	details	wall	a rendered paragraph runs 3209 characters (over 1500)	Want big, meaty bass that roars and feels like a smooth running machine? Try our
dean-markley-sr2000-bass-strings-medium-light-4-string-46-102	accessories	details	wall	a rendered paragraph runs 3209 characters (over 1500)	Want big, meaty bass that roars and feels like a smooth running machine? Try our
dean-markley-sr2000-bass-strings-medium-light-5-string-46-125	accessories	details	wall	a rendered paragraph runs 3209 characters (over 1500)	Want big, meaty bass that roars and feels like a smooth running machine? Try our
dean-markley-sr2000-bass-strings-medium-light-6-string-30-125	accessories	details	wall	a rendered paragraph runs 3209 characters (over 1500)	Want big, meaty bass that roars and feels like a smooth running machine? Try our
dean-markley-sr2000-bass-strings	accessories	details	wall	a rendered paragraph runs 3209 characters (over 1500)	Want big, meaty bass that roars and feels like a smooth running machine? Try our
echo-fix-re-501-sre-555-full-service-kit-with-green-felts-and-green-roller	accessories	details	wall	a rendered paragraph runs 2374 characters (over 1500)	I bought an RE-201 Space Echo second hand around ten years ago. It had not been
isovox-horizontal-mic-mount	accessories	details	wall	a rendered paragraph runs 1511 characters (over 1500)	Info ISOVOX Horizontal Mic Mount is compatible with SM7B, RE20 and other Podcast
maxon-power-grip-1-meter-roll	accessories	details	soft-breaks	single-newline breaks mixing block breaks and mid-sentence wraps	TEMPERATURE RANGE: -22° to +200° Fahrenheit (-30° to +93° Celsius) ADHESIVE: Vir
maxon-power-grip-10-meter-roll	accessories	details	soft-breaks	single-newline breaks mixing block breaks and mid-sentence wraps	TEMPERATURE RANGE: -22° to +200° Fahrenheit (-30° to +93° Celsius) ADHESIVE: Vir
maxon-power-grip-5-meter-roll	accessories	details	soft-breaks	single-newline breaks mixing block breaks and mid-sentence wraps	TEMPERATURE RANGE: -22° to +200° Fahrenheit (-30° to +93° Celsius) ADHESIVE: Vir
maxon-pv-a-pivoting-plug	accessories	details	inline-list	a list flattened into a paragraph	- All plugs feature a ¼" shaft that can be continuously rotated over a 180-degr
maxon-pv-c-straight-plug-with-compression-sleeve	accessories	details	inline-list	a list flattened into a paragraph	- All plugs feature a gold-plated tip for the best transfer of signal; a lockin
maxon-pv-l-right-angle-plug	accessories	details	inline-list	a list flattened into a paragraph	- All plugs feature a gold-plated tip for the best transfer of signal; a lockin
maxon-pv-s-straight-plug	accessories	details	inline-list	a list flattened into a paragraph	- All plugs feature a gold-plated tip for the best transfer of signal; a lockin
omnitone-multi-blanks	accessories	details	soft-breaks	single-newline breaks mixing block breaks and mid-sentence wraps	The MOST USEFUL BLANKS!! They are not just blanks, they are MULTS! Each white li
one-control-dc-porter-plexi	accessories	details	wall	a rendered paragraph runs 1630 characters (over 1500)	In 2017 we released the DC PORTER, which brought innovation to the power supply
one-control-epa-2000-high-capacity-adapter	accessories	details	soft-breaks	single-newline breaks mixing block breaks and mid-sentence wraps	*NOTE: Shipping charges are NOT INCLUDED at the time of order. Shipping costs wi
one-control-lwp-series-acrylic-board-pb3226	accessories	details	soft-breaks	single-newline breaks mixing block breaks and mid-sentence wraps	*NOTE: Shipping charges are NOT INCLUDED at the time of order. Shipping costs wi
one-control-lwp-series-acrylic-board-pb4023	accessories	details	soft-breaks	single-newline breaks mixing block breaks and mid-sentence wraps	*NOTE: Shipping charges are NOT INCLUDED at the time of order. Shipping costs wi
one-control-rpa-1000-18v-adapter	accessories	details	soft-breaks	single-newline breaks mixing block breaks and mid-sentence wraps	*NOTE: Shipping charges are NOT INCLUDED at the time of order. Shipping costs wi
silvertone-lipstick-pickups	accessories	details	wall	a rendered paragraph runs 1699 characters (over 1500)	Nathan Daniels invented the original Lipstick pickup back around 1954. "Lipstick
singular-sound-beatbuddy-midi-adapter	accessories	details	wall	a rendered paragraph runs 1923 characters (over 1500)	What is MIDI Sync? MIDI (short for Musical Instrument Digital Interface) is the
walrus-audio-canvas-power-15	accessories	details	wall	a rendered paragraph runs 2410 characters (over 1500)	Canvas Power Supplies bring simplicity and modularity to powering your pedalboar
walrus-audio-canvas-power-15	accessories	details	inline-list	a list flattened into a paragraph	– Qty. 5 - 36" straight to right angle DC Cable – Qty. 10 - 96W, 24V DC 4A powe
walrus-audio-canvas-power-22	accessories	details	wall	a rendered paragraph runs 2410 characters (over 1500)	Canvas Power Supplies bring simplicity and modularity to powering your pedalboar
walrus-audio-canvas-power-22	accessories	details	inline-list	a list flattened into a paragraph	– Qty. 7 - 36" straight to right angle DC Cable – Qty. 15 - 96W, 24V DC 4A powe
walrus-audio-canvas-power-5	accessories	details	wall	a rendered paragraph runs 2238 characters (over 1500)	Canvas Power Supplies bring simplicity and modularity to powering your pedalboar
walrus-audio-canvas-power-8	accessories	details	wall	a rendered paragraph runs 2402 characters (over 1500)	Canvas Power Supplies bring simplicity and modularity to powering your pedalboar
walrus-audio-canvas-power-8	accessories	details	inline-list	a list flattened into a paragraph	– Qty. 5 - 36" straight to right angle DC Cable – Qty. 3 - 48W, 24V DC 2A power
walrus-audio-canvas-power-hp-plus	accessories	details	wall	a rendered paragraph runs 2452 characters (over 1500)	The Canvas Power HP Plus is a perfect power solution for hybrid rigs running ped
walrus-audio-canvas-power-hp	accessories	details	wall	a rendered paragraph runs 3122 characters (over 1500)	The Canvas Power HP allows you to power the thirstiest of modelers and pedals wi
walrus-audio-canvas-power-hp	accessories	details	inline-list	a list flattened into a paragraph	– Qty. 3 - 2.1mm Standard Polarity DC Cable (Yellow) - Qty. 1 - 2.1mm Reverse P
walrus-audio-canvas-power-usb	accessories	details	glyph-bullets	bullet glyphs inside a line: a list flattened into prose	his one. Here’s how it works: • Power USB works as a bridge that goes between yo
walrus-audio-canvas-power-usb	accessories	details	wall	a rendered paragraph runs 2857 characters (over 1500)	The Canvas Power USB allows your rig to be powered by most USB Power Delivery (P
walrus-audio-canvas-power-usb	accessories	details	inline-list	a list flattened into a paragraph	– Qty. 1 - 12” EIAJ Link Cable - Qty. 1 - 3’ USB-C to USB-C Cable - Qty. 1 - C
xoxo-modular-hi-jack-trs-breakout-kit	accessories	details	inline-list	a list flattened into a paragraph	- Do you want to easily hook up your oscilloscope between two modules to see wh
